Region,1,,1000,,1500,,1600,,1700,,1820,1821,1822,1823,1824,1825,1826,1827,1828,1829,1830,1831,1832,1833,1834,1835,1836,1837,1838,1839,1840,1841,1842,1843,1844,1845,1846,1847,1848,1849,1850,1851,1852,1853,1854,1855,1856,1857,1858,1859,1860,1861,1862,1863,1864,1865,1866,1867,1868,1869,1870,1871,1872,1873,1874,1875,1876,1877,1878,1879,1880,1881,1882,1883,1884,1885,1886,1887,1888,1889,1890,1891,1892,1893,1894,1895,1896,1897,1898,1899,1900,1901,1902,1903,1904,1905,1906,1907,1908,1909,1910,1911,1912,1913,1914,1915,1916,1917,1918,1919,1920,1921,1922,1923,1924,1925,1926,1927,1928,1929,1930,1931,1932,1933,1934,1935,1936,1937,1938,1939,1940,1941,1942,1943,1944,1945,1946,1947,1948,1949,1950,1951,1952,1953,1954,1955,1956,1957,1958,1959,1960,1961,1962,1963,1964,1965,1966,1967,1968,1969,1970,1971,1972,1973,1974,1975,1976,1977,1978,1979,1980,1981,1982,1983,1984,1985,1986,1987,1988,1989,1990,1991,1992,1993,1994,1995,1996,1997,1998,1999,2000,2001,2002,2003,2004,2005,2006,2007,2008,,
Western Europe ,,,,,  ,,,,,,,,,,,,,,,,,,,,,,,,,,,,,,,,,,,,,,,,,,,,,,,,,,,,,,,,,,,,,,,,,,,,,,,,,,,,,,,,,,,,,,,,,,,,,,,,,,,,,,,,,,,,,,,,,,,,,,,,,,,,,,,,,,,,,,,,,,,,,,,,,,,,,,,,,,,,,,,,,,,,,,,,,,,,,,,,,,,,,,,,,,,,,,,,,,,,
Austria ,,,,,,,,,,,,,,,,,,,,,,,,,,,,,,,,,,,,,,,,,,,,,,,,,,,,,,,,,,,,,,,,,,,,,,,,,,,,,,,,,,,,,,,,,,,,,,,,,,,,,,,,,,,,,,,,,,,,,,,,,,,,,,,,,,,,,,,,,,,,,,,,,,,,,,,,,,,,,,,,,,,,,,,,,,,,,,,,,,,,,,2.30%,1.11%,-0.59%,2.14%,1.64%,2.42%,1.71%,3.42%,3.05%,3.07%,0.59%,0.68%,0.99%,2.16%,2.35%,3.34%,3.36%,1.91%,,1.98%
Belgium ,,,,,,,,,,,,,,,,,,,,,,,,,,,,,,,,,,,,,,,,,,,,,,,,,,,,,,,,,,,,,,,,,,,,,,,,,,,,,,,,,,,,,,,,,,,,,,,,,,,,,,,,,,,,,,,,,,,,,,,,,,,,,,,,,,,,,,,,,,,,,,,,,,,,,,,,,,,,,,,,,,,,,,,,,,,,,,,,,,,,,,1.46%,1.11%,-1.36%,2.80%,2.04%,0.92%,3.08%,1.69%,3.18%,3.41%,0.51%,1.30%,0.82%,2.77%,2.02%,2.81%,2.44%,0.88%,,1.77%
Denmark ,,,,,,,,,,,,,,,,,,,,,,,,,,,,,,,,,,,,,,,,,,,,,,,,,,,,,,,,,,,,,,,,,,,,,,,,,,,,,,,,,,,,,,,,,,,,,,,,,,,,,,,,,,,,,,,,,,,,,,,,,,,,,,,,,,,,,,,,,,,,,,,,,,,,,,,,,,,,,,,,,,,,,,,,,,,,,,,,,,,,,,1.03%,1.63%,-0.42%,5.05%,2.50%,2.23%,2.74%,1.78%,2.20%,3.19%,0.37%,0.10%,0.03%,1.73%,2.02%,2.91%,1.27%,-1.51%,,1.60%
Finland ,,,,,,,,,,,,,,,,,,,,,,,,,,,,,,,,,,,,,,,,,,,,,,,,,,,,,,,,,,,,,,,,,,,,,,,,,,,,,,,,,,,,,,,,,,,,,,,,,,,,,,,,,,,,,,,,,,,,,,,,,,,,,,,,,,,,,,,,,,,,,,,,,,,,,,,,,,,,,,,,,,,,,,,,,,,,,,,,,,,,,,-7.15%,-4.43%,-1.72%,3.44%,3.02%,3.42%,5.73%,5.26%,3.58%,4.74%,2.38%,1.35%,1.57%,3.44%,2.59%,4.63%,3.98%,0.87%,,2.04%
France,,,,,,,,,,,,,,,,,,,,,,,,,,,,,,,,,,,,,,,,,,,,,,,,,,,,,,,,,,,,,,,,,,,,,,,,,,,,,,,,,,,,,,,,,,,,,,,,,,,,,,,,,,,,,,,,,,,,,,,,,,,,,,,,,,,,,,,,,,,,,,,,,,,,,,,,,,,,,,,,,,,,,,,,,,,,,,,,,,,,,,0.61%,1.34%,-1.52%,1.60%,1.88%,0.64%,1.92%,2.04%,2.78%,3.32%,1.28%,0.45%,0.55%,1.76%,1.28%,1.77%,1.66%,-0.29%,,1.28%
Germany ,,,,,,,,,,,,,,,,,,,,,,,,,,,,,,,,,,,,,,,,,,,,,,,,,,,,,,,,,,,,,,,,,,,,,,,,,,,,,,,,,,,,,,,,,,,,,,,,,,,,,,,,,,,,,,,,,,,,,,,,,,,,,,,,,,,,,,,,,,,,,,,,,,,,,,,,,,,,,,,,,,,,,,,,,,,,,,,,,,,,,,4.42%,1.44%,-1.47%,2.28%,1.58%,0.70%,1.64%,1.79%,1.93%,3.02%,1.12%,-0.09%,-0.28%,1.02%,0.69%,3.16%,2.50%,1.23%,,1.48%
Italy ,,,,,,,,,,,,,,,,,,,,,,,,,,,,,,,,,,,,,,,,,,,,,,,,,,,,,,,,,,,,,,,,,,,,,,,,,,,,,,,,,,,,,,,,,,,,,,,,,,,,,,,,,,,,,,,,,,,,,,,,,,,,,,,,,,,,,,,,,,,,,,,,,,,,,,,,,,,,,,,,,,,,,,,,,,,,,,,,,,,,,,1.37%,0.59%,-1.21%,1.92%,2.72%,0.93%,1.81%,0.80%,1.81%,3.32%,1.56%,0.20%,-0.09%,1.09%,0.62%,1.93%,1.56%,-1.00%,,1.11%
Netherlands ,,,,,,,,,,,,,,,,,,,,,,,,,,,,,,,,,,,,,,,,,,,,,,,,,,,,,,,,,,,,,,,,,,,,,,,,,,,,,,,,,,,,,,,,,,,,,,,,,,,,,,,,,,,,,,,,,,,,,,,,,,,,,,,,,,,,,,,,,,,,,,,,,,,,,,,,,,,,,,,,,,,,,,,,,,,,,,,,,,,,,,1.48%,1.29%,0.10%,1.62%,2.49%,2.55%,3.27%,5.05%,3.92%,3.21%,1.22%,-0.59%,-0.29%,1.63%,1.43%,2.83%,3.06%,1.53%,,1.99%
Norway ,,,,,,,,,,,,,,,,,,,,,,,,,,,,,,,,,,,,,,,,,,,,,,,,,,,,,,,,,,,,,,,,,,,,,,,,,,,,,,,,,,,,,,,,,,,,,,,,,,,,,,,,,,,,,,,,,,,,,,,,,,,,,,,,,,,,,,,,,,,,,,,,,,,,,,,,,,,,,,,,,,,,,,,,,,,,,,,,,,,,,,3.09%,2.67%,2.09%,4.55%,3.75%,4.61%,4.50%,1.51%,1.37%,2.55%,1.45%,1.04%,0.57%,3.37%,2.26%,1.89%,0.41%,1.72%,,2.41%
Sweden ,,,,,,,,,,,,,,,,,,,,,,,,,,,,,,,,,,,,,,,,,,,,,,,,,,,,,,,,,,,,,,,,,,,,,,,,,,,,,,,,,,,,,,,,,,,,,,,,,,,,,,,,,,,,,,,,,,,,,,,,,,,,,,,,,,,,,,,,,,,,,,,,,,,,,,,,,,,,,,,,,,,,,,,,,,,,,,,,,,,,,,-1.95%,-2.56%,-2.38%,2.79%,3.04%,1.31%,2.97%,3.80%,4.33%,3.90%,0.87%,2.23%,1.73%,2.54%,3.07%,3.95%,2.41%,-0.35%,,1.76%
Switzerland ,,,,,,,,,,,,,,,,,,,,,,,,,,,,,,,,,,,,,,,,,,,,,,,,,,,,,,,,,,,,,,,,,,,,,,,,,,,,,,,,,,,,,,,,,,,,,,,,,,,,,,,,,,,,,,,,,,,,,,,,,,,,,,,,,,,,,,,,,,,,,,,,,,,,,,,,,,,,,,,,,,,,,,,,,,,,,,,,,,,,,,-2.05%,-1.05%,-1.12%,0.27%,-0.22%,0.19%,1.71%,2.77%,0.93%,3.06%,0.53%,-0.26%,-0.87%,1.97%,2.05%,3.08%,3.13%,1.43%,,0.86%
United Kingdom ,,,,,,,,,,,,,,,,,,,,,,,,,,,,,,,,,,,,,,,,,,,,,,,,,,,,,,,,,,,,,,,,,,,,,,,,,,,,,,,,,,,,,,,,,,,,,,,,,,,,,,,,,,,,,,,,,,,,,,,,,,,,,,,,,,,,,,,,,,,,,,,,,,,,,,,,,,,,,,,,,,,,,,,,,,,,,,,,,,,,,,-1.67%,-0.15%,2.03%,4.01%,2.45%,2.45%,2.90%,2.64%,2.56%,4.20%,1.16%,1.71%,2.43%,2.91%,1.89%,2.58%,2.29%,0.42%,,2.05%
Total 12 Western Europe ,,,,,,,,,,,,,,,,,,,,,,,,,,,,,,,,,,,,,,,,,,,,,,,,,,,,,,,,,,,,,,,,,,,,,,,,,,,,,,,,,,,,,,,,,,,,,,,,,,,,,,,,,,,,,,,,,,,,,,,,,,,,,,,,,,,,,,,,,,,,,,,,,,,,,,,,,,,,,,,,,,,,,,,,,,,,,,,,,,,,,,1.17%,0.74%,-0.66%,2.44%,2.12%,1.33%,2.26%,2.17%,2.43%,3.43%,1.20%,0.56%,0.60%,1.83%,1.35%,2.59%,2.19%,0.37%,,1.56%
Ireland ,,,,,,,,,,,,,,,,,,,,,,,,,,,,,,,,,,,,,,,,,,,,,,,,,,,,,,,,,,,,,,,,,,,,,,,,,,,,,,,,,,,,,,,,,,,,,,,,,,,,,,,,,,,,,,,,,,,,,,,,,,,,,,,,,,,,,,,,,,,,,,,,,,,,,,,,,,,,,,,,,,,,,,,,,,,,,,,,,,,,,,1.27%,2.53%,2.08%,5.12%,8.69%,7.32%,10.20%,6.34%,8.68%,7.86%,4.77%,5.25%,3.22%,3.11%,4.86%,4.11%,4.68%,-4.18%,,4.77%
Greece ,,,,,,,,,,,,,,,,,,,,,,,,,,,,,,,,,,,,,,,,,,,,,,,,,,,,,,,,,,,,,,,,,,,,,,,,,,,,,,,,,,,,,,,,,,,,,,,,,,,,,,,,,,,,,,,,,,,,,,,,,,,,,,,,,,,,,,,,,,,,,,,,,,,,,,,,,,,,,,,,,,,,,,,,,,,,,,,,,,,,,,1.86%,-0.03%,-2.17%,1.53%,1.81%,2.12%,3.35%,3.12%,3.23%,4.16%,4.16%,3.63%,4.71%,4.24%,2.66%,4.22%,3.75%,2.70%,,2.73%
Portugal ,,,,,,,,,,,,,,,,,,,,,,,,,,,,,,,,,,,,,,,,,,,,,,,,,,,,,,,,,,,,,,,,,,,,,,,,,,,,,,,,,,,,,,,,,,,,,,,,,,,,,,,,,,,,,,,,,,,,,,,,,,,,,,,,,,,,,,,,,,,,,,,,,,,,,,,,,,,,,,,,,,,,,,,,,,,,,,,,,,,,,,4.31%,1.00%,-2.47%,0.36%,3.82%,3.23%,3.54%,4.04%,3.17%,3.37%,1.49%,0.33%,-1.22%,1.08%,0.50%,1.02%,1.53%,-0.32%,,1.60%
Spain ,,,,,,,,,,,,,,,,,,,,,,,,,,,,,,,,,,,,,,,,,,,,,,,,,,,,,,,,,,,,,,,,,,,,,,,,,,,,,,,,,,,,,,,,,,,,,,,,,,,,,,,,,,,,,,,,,,,,,,,,,,,,,,,,,,,,,,,,,,,,,,,,,,,,,,,,,,,,,,,,,,,,,,,,,,,,,,,,,,,,,,2.23%,0.70%,-1.23%,2.20%,2.57%,2.25%,3.66%,4.25%,4.37%,4.92%,3.41%,2.50%,2.89%,3.05%,3.39%,3.78%,3.41%,0.79%,,2.73%
Total 14 small west European countries,,,,,,,,,,,,,,,,,,,,,,,,,,,,,,,,,,,,,,,,,,,,,,,,,,,,,,,,,,,,,,,,,,,,,,,,,,,,,,,,,,,,,,,,,,,,,,,,,,,,,,,,,,,,,,,,,,,,,,,,,,,,,,,,,,,,,,,,,,,,,,,,,,,,,,,,,,,,,,,,,,,,,,,,,,,,,,,,,,,,,,2.32%,1.17%,3.14%,2.39%,2.15%,2.51%,3.74%,-0.69%,2.21%,2.21%,2.22%,2.26%,2.20%,2.16%,0.82%,2.09%,1.68%,-0.12%,,1.91%
Total 30  Western Europe ,,,,,,,,,,,,,,,,,,,,,,,,,,,,,,,,,,,,,,,,,,,,,,,,,,,,,,,,,,,,,,,,,,,,,,,,,,,,,,,,,,,,,,,,,,,,,,,,,,,,,,,,,,,,,,,,,,,,,,,,,,,,,,,,,,,,,,,,,,,,,,,,,,,,,,,,,,,,,,,,,,,,,,,,,,,,,,,,,,,,,,1.33%,0.75%,-0.72%,2.39%,2.23%,1.51%,2.49%,2.41%,2.68%,3.60%,1.49%,0.84%,0.88%,1.99%,1.59%,2.72%,2.35%,0.38%,,1.72%
Western Offshoots ,,,,,,,,,,,,,,,,,,,,,,,,,,,,,,,,,,,,,,,,,,,,,,,,,,,,,,,,,,,,,,,,,,,,,,,,,,,,,,,,,,,,,,,,,,,,,,,,,,,,,,,,,,,,,,,,,,,,,,,,,,,,,,,,,,,,,,,,,,,,,,,,,,,,,,,,,,,,,,,,,,,,,,,,,,,,,,,,,,,,,,,,,,,,,,,,,,,,,,,,,
Australia ,,,,,,,,,,,,,,,,,,,,,,,,,,,,,,,,,,,,,,,,,,,,,,,,,,,,,,,,,,,,,,,,,,,,,,,,,,,,,,,,,,,,,,,,,,,,,,,,,,,,,,,,,,,,,,,,,,,,,,,,,,,,,,,,,,,,,,,,,,,,,,,,,,,,,,,,,,,,,,,,,,,,,,,,,,,,,,,,,,,,,,-1.19%,2.33%,2.74%,3.15%,3.09%,2.51%,3.16%,4.22%,2.79%,0.74%,2.45%,2.83%,1.82%,1.22%,1.58%,1.50%,2.66%,1.14%,,2.15%
New Zealand ,,,,,,,,,,,,,,,,,,,,,,,,,,,,,,,,,,,,,,,,,,,,,,,,,,,,,,,,,,,,,,,,,,,,,,,,,,,,,,,,,,,,,,,,,,,,,,,,,,,,,,,,,,,,,,,,,,,,,,,,,,,,,,,,,,,,,,,,,,,,,,,,,,,,,,,,,,,,,,,,,,,,,,,,,,,,,,,,,,,,,,-2.52%,-0.03%,5.03%,3.78%,2.50%,1.97%,0.34%,-0.17%,4.57%,1.67%,2.61%,2.93%,1.82%,2.41%,1.77%,0.95%,2.13%,-0.79%,,1.72%
Canada,,,,,,,,,,,,,,,,,,,,,,,,,,,,,,,,,,,,,,,,,,,,,,,,,,,,,,,,,,,,,,,,,,,,,,,,,,,,,,,,,,,,,,,,,,,,,,,,,,,,,,,,,,,,,,,,,,,,,,,,,,,,,,,,,,,,,,,,,,,,,,,,,,,,,,,,,,,,,,,,,,,,,,,,,,,,,,,,,,,,,,-3.33%,-0.64%,0.90%,3.40%,1.53%,0.48%,3.23%,3.25%,4.51%,4.20%,0.49%,2.44%,1.09%,2.25%,2.18%,2.03%,3.30%,-2.12%,,1.62%
United States ,,,,,,,,,,,,,,,,,,,,,,,,,,,,,,,,,,,,,,,,,,,,,,,,,,,,,,,,,,,,,,,,,,,,,,,,,,,,,,,,,,,,,,,,,,,,,,,,,,,,,,,,,,,,,,,,,,,,,,,,,,,,,,,,,,,,,,,,,,,,,,,,,,,,,,,,,,,,,,,,,,,,,,,,,,,,,,,,,,,,,,-1.53%,1.95%,1.36%,2.77%,1.33%,2.52%,3.20%,3.01%,3.25%,2.61%,-0.22%,0.70%,1.63%,2.62%,2.11%,1.70%,1.13%,-0.57%,,1.64%
Total Western Offshoots ,,,,,,,,,,,,,,,,,,,,,,,,,,,,,,,,,,,,,,,,,,,,,,,,,,,,,,,,,,,,,,,,,,,,,,,,,,,,,,,,,,,,,,,,,,,,,,,,,,,,,,,,,,,,,,,,,,,,,,,,,,,,,,,,,,,,,,,,,,,,,,,,,,,,,,,,,,,,,,,,,,,,,,,,,,,,,,,,,,,,,,-1.66%,1.75%,1.41%,2.84%,1.43%,2.36%,3.19%,3.07%,3.34%,2.64%,-0.02%,0.95%,1.58%,2.52%,2.09%,1.71%,1.40%,-0.64%,,1.66%
Eastern Europe ,,,,,,,,,,,,,,,,,,,,,,,,,,,,,,,,,,,,,,,,,,,,,,,,,,,,,,,,,,,,,,,,,,,,,,,,,,,,,,,,,,,,,,,,,,,,,,,,,,,,,,,,,,,,,,,,,,,,,,,,,,,,,,,,,,,,,,,,,,,,,,,,,,,,,,,,,,,,,,,,,,,,,,,,,,,,,,,,,,,,,,,,,,,,,,,,,,,,,,,,,
Albania ,,,,,,,,,,,,,,,,,,,,,,,,,,,,,,,,,,,,,,,,,,,,,,,,,,,,,,,,,,,,,,,,,,,,,,,,,,,,,,,,,,,,,,,,,,,,,,,,,,,,,,,,,,,,,,,,,,,,,,,,,,,,,,,,,,,,,,,,,,,,,,,,,,,,,,,,,,,,,,,,,,,,,,,,,,,,,,,,,,,,,,-34.18%,-8.45%,8.41%,7.18%,11.84%,8.29%,-11.15%,11.57%,9.15%,6.57%,6.48%,2.82%,5.31%,5.22%,5.12%,4.84%,5.58%,6.07%,,2.82%
Bulgaria ,,,,,,,,,,,,,,,,,,,,,,,,,,,,,,,,,,,,,,,,,,,,,,,,,,,,,,,,,,,,,,,,,,,,,,,,,,,,,,,,,,,,,,,,,,,,,,,,,,,,,,,,,,,,,,,,,,,,,,,,,,,,,,,,,,,,,,,,,,,,,,,,,,,,,,,,,,,,,,,,,,,,,,,,,,,,,,,,,,,,,,-7.40%,-6.27%,1.02%,2.84%,4.03%,-8.72%,-4.59%,5.10%,3.26%,6.21%,5.05%,5.78%,5.17%,7.32%,6.92%,6.98%,6.87%,6.65%,,2.57%
Czechoslovakia ,,,,,,,,,,,,,,,,,,,,,,,,,,,,,,,,,,,,,,,,,,,,,,,,,,,,,,,,,,,,,,,,,,,,,,,,,,,,,,,,,,,,,,,,,,,,,,,,,,,,,,,,,,,,,,,,,,,,,,,,,,,,,,,,,,,,,,,,,,,,,,,,,,,,,,,,,,,,,,,,,,,,,,,,,,,,,,,,,,,,,,-13.49%,-2.51%,0.39%,3.17%,5.68%,4.65%,0.90%,1.23%,0.96%,2.73%,2.78%,2.49%,3.72%,4.69%,6.15%,7.09%,7.26%,3.89%,,2.32%
Hungary ,,,,,,,,,,,,,,,,,,,,,,,,,,,,,,,,,,,,,,,,,,,,,,,,,,,,,,,,,,,,,,,,,,,,,,,,,,,,,,,,,,,,,,,,,,,,,,,,,,,,,,,,,,,,,,,,,,,,,,,,,,,,,,,,,,,,,,,,,,,,,,,,,,,,,,,,,,,,,,,,,,,,,,,,,,,,,,,,,,,,,,-12.60%,-2.96%,-0.39%,3.06%,1.64%,1.53%,4.75%,5.05%,4.41%,5.43%,4.27%,4.54%,4.36%,4.94%,4.18%,4.08%,1.45%,0.85%,,2.14%
Poland ,,,,,,,,,,,,,,,,,,,,,,,,,,,,,,,,,,,,,,,,,,,,,,,,,,,,,,,,,,,,,,,,,,,,,,,,,,,,,,,,,,,,,,,,,,,,,,,,,,,,,,,,,,,,,,,,,,,,,,,,,,,,,,,,,,,,,,,,,,,,,,,,,,,,,,,,,,,,,,,,,,,,,,,,,,,,,,,,,,,,,,-7.62%,2.18%,3.42%,4.95%,6.59%,5.75%,6.51%,5.33%,4.49%,4.12%,1.23%,1.48%,3.84%,5.26%,3.59%,6.07%,6.63%,4.83%,,3.81%
Romania ,,,,,,,,,,,,,,,,,,,,,,,,,,,,,,,,,,,,,,,,,,,,,,,,,,,,,,,,,,,,,,,,,,,,,,,,,,,,,,,,,,,,,,,,,,,,,,,,,,,,,,,,,,,,,,,,,,,,,,,,,,,,,,,,,,,,,,,,,,,,,,,,,,,,,,,,,,,,,,,,,,,,,,,,,,,,,,,,,,,,,,-13.63%,-9.09%,1.61%,3.96%,7.06%,4.11%,-6.01%,-4.71%,-1.05%,2.21%,5.65%,4.98%,4.89%,8.27%,4.13%,8.76%,5.10%,6.99%,,1.85%
Yugoslavia ,,,,,,,,,,,,,,,,,,,,,,,,,,,,,,,,,,,,,,,,,,,,,,,,,,,,,,,,,,,,,,,,,,,,,,,,,,,,,,,,,,,,,,,,,,,,,,,,,,,,,,,,,,,,,,,,,,,,,,,,,,,,,,,,,,,,,,,,,,,,,,,,,,,,,,,,,,,,,,,,,,,,,,,,,,,,,,,,,,,,,,-14.59%,-20.13%,-17.04%,4.13%,5.24%,9.39%,9.57%,4.73%,-1.60%,4.60%,3.33%,3.31%,2.86%,4.82%,4.21%,5.29%,4.87%,3.92%,,0.94%
Total 7 East European Countries,,,,,,,,,,,,,,,,,,,,,,,,,,,,,,,,,,,,,,,,,,,,,,,,,,,,,,,,,,,,,,,,,,,,,,,,,,,,,,,,,,,,,,,,,,,,,,,,,,,,,,,,,,,,,,,,,,,,,,,,,,,,,,,,,,,,,,,,,,,,,,,,,,,,,,,,,,,,,,,,,,,,,,,,,,,,,,,,,,,,,,-11.64%,-5.28%,-0.97%,4.05%,5.66%,4.52%,3.40%,3.43%,2.32%,4.03%,2.86%,2.86%,3.91%,5.46%,4.50%,6.25%,5.81%,4.49%,,2.54%
Yugoslav and Czech Successor states ,,,,,,,,,,,,,,,,,,,,,,,,,,,,,,,,,,,,,,,,,,,,,,,,,,,,,,,,,,,,,,,,,,,,,,,,,,,,,,,,,,,,,,,,,,,,,,,,,,,,,,,,,,,,,,,,,,,,,,,,,,,,,,,,,,,,,,,,,,,,,,,,,,,,,,,,,,,,,,,,,,,,,,,,,,,,,,,,,,,,,,,,,,,,,,,,,,,,,,,,,
Bosnia ,,,,,,,,,,,,,,,,,,,,,,,,,,,,,,,,,,,,,,,,,,,,,,,,,,,,,,,,,,,,,,,,,,,,,,,,,,,,,,,,,,,,,,,,,,,,,,,,,,,,,,,,,,,,,,,,,,,,,,,,,,,,,,,,,,,,,,,,,,,,,,,,,,,,,,,,,,,,,,,,,,,,,,,,,,,,,,,,,,,,,,-12.93%,-28.26%,-29.53%,7.06%,7.86%,46.05%,31.23%,9.68%,5.45%,3.34%,2.54%,2.33%,1.30%,3.54%,1.89%,5.14%,5.41%,4.52%,,3.70%
Croatia ,,,,,,,,,,,,,,,,,,,,,,,,,,,,,,,,,,,,,,,,,,,,,,,,,,,,,,,,,,,,,,,,,,,,,,,,,,,,,,,,,,,,,,,,,,,,,,,,,,,,,,,,,,,,,,,,,,,,,,,,,,,,,,,,,,,,,,,,,,,,,,,,,,,,,,,,,,,,,,,,,,,,,,,,,,,,,,,,,,,,,,-24.41%,-11.41%,-8.16%,5.17%,6.90%,6.46%,7.02%,3.02%,-0.64%,2.80%,3.67%,4.13%,3.84%,4.23%,4.14%,4.62%,5.39%,2.41%,,1.06%
Macedonia ,,,,,,,,,,,,,,,,,,,,,,,,,,,,,,,,,,,,,,,,,,,,,,,,,,,,,,,,,,,,,,,,,,,,,,,,,,,,,,,,,,,,,,,,,,,,,,,,,,,,,,,,,,,,,,,,,,,,,,,,,,,,,,,,,,,,,,,,,,,,,,,,,,,,,,,,,,,,,,,,,,,,,,,,,,,,,,,,,,,,,,-6.74%,-7.98%,-9.28%,-2.72%,-2.08%,0.32%,0.69%,2.81%,3.73%,3.93%,-5.07%,0.57%,3.11%,3.78%,3.76%,3.67%,5.47%,4.28%,,0.13%
Slovenia ,,,,,,,,,,,,,,,,,,,,,,,,,,,,,,,,,,,,,,,,,,,,,,,,,,,,,,,,,,,,,,,,,,,,,,,,,,,,,,,,,,,,,,,,,,,,,,,,,,,,,,,,,,,,,,,,,,,,,,,,,,,,,,,,,,,,,,,,,,,,,,,,,,,,,,,,,,,,,,,,,,,,,,,,,,,,,,,,,,,,,,-9.74%,-5.64%,2.73%,5.11%,3.93%,3.31%,4.48%,3.58%,5.51%,3.78%,2.63%,3.23%,4.10%,4.33%,4.23%,5.77%,6.63%,3.51%,,2.86%
Serbia/Montenegro/Kosovo,,,,,,,,,,,,,,,,,,,,,,,,,,,,,,,,,,,,,,,,,,,,,,,,,,,,,,,,,,,,,,,,,,,,,,,,,,,,,,,,,,,,,,,,,,,,,,,,,,,,,,,,,,,,,,,,,,,,,,,,,,,,,,,,,,,,,,,,,,,,,,,,,,,,,,,,,,,,,,,,,,,,,,,,,,,,,,,,,,,,,,-12.42%,-32.97%,-37.22%,2.04%,5.54%,5.16%,6.93%,3.73%,-17.69%,7.42%,5.76%,3.67%,1.53%,7.13%,6.18%,5.85%,1.67%,5.18%,,-1.81%
Former Yugoslavia ,,,,,,,,,,,,,,,,,,,,,,,,,,,,,,,,,,,,,,,,,,,,,,,,,,,,,,,,,,,,,,,,,,,,,,,,,,,,,,,,,,,,,,,,,,,,,,,,,,,,,,,,,,,,,,,,,,,,,,,,,,,,,,,,,,,,,,,,,,,,,,,,,,,,,,,,,,,,,,,,,,,,,,,,,,,,,,,,,,,,,,-14.59%,-20.13%,-17.04%,4.12%,5.24%,9.39%,9.57%,4.73%,-1.60%,4.59%,3.33%,3.31%,2.86%,4.82%,4.21%,5.29%,4.87%,3.92%,,0.94%
Czech Republic ,,,,,,,,,,,,,,,,,,,,,,,,,,,,,,,,,,,,,,,,,,,,,,,,,,,,,,,,,,,,,,,,,,,,,,,,,,,,,,,,,,,,,,,,,,,,,,,,,,,,,,,,,,,,,,,,,,,,,,,,,,,,,,,,,,,,,,,,,,,,,,,,,,,,,,,,,,,,,,,,,,,,,,,,,,,,,,,,,,,,,,-12.30%,-0.61%,-0.04%,2.16%,5.83%,4.19%,-0.62%,-0.78%,1.39%,3.68%,2.64%,1.82%,3.59%,4.46%,6.16%,6.63%,5.99%,2.74%,,2.05%
Slovakia ,,,,,,,,,,,,,,,,,,,,,,,,,,,,,,,,,,,,,,,,,,,,,,,,,,,,,,,,,,,,,,,,,,,,,,,,,,,,,,,,,,,,,,,,,,,,,,,,,,,,,,,,,,,,,,,,,,,,,,,,,,,,,,,,,,,,,,,,,,,,,,,,,,,,,,,,,,,,,,,,,,,,,,,,,,,,,,,,,,,,,,-16.14%,-7.02%,1.49%,5.61%,5.37%,5.75%,4.33%,5.48%,0.08%,0.76%,3.07%,3.90%,3.99%,5.17%,6.15%,8.01%,9.75%,6.06%,,2.88%
Former Czechoslovakia ,,,,,,,,,,,,,,,,,,,,,,,,,,,,,,,,,,,,,,,,,,,,,,,,,,,,,,,,,,,,,,,,,,,,,,,,,,,,,,,,,,,,,,,,,,,,,,,,,,,,,,,,,,,,,,,,,,,,,,,,,,,,,,,,,,,,,,,,,,,,,,,,,,,,,,,,,,,,,,,,,,,,,,,,,,,,,,,,,,,,,,-13.49%,-2.51%,0.39%,3.17%,5.68%,4.65%,0.90%,1.23%,0.96%,2.73%,2.78%,2.49%,3.72%,4.69%,6.15%,7.09%,7.26%,3.89%,,2.32%
Successor Republics of USSR,,,,,,,,,,,,,,,,,,,,,,,,,,,,,,,,,,,,,,,,,,,,,,,,,,,,,,,,,,,,,,,,,,,,,,,,,,,,,,,,,,,,,,,,,,,,,,,,,,,,,,,,,,,,,,,,,,,,,,,,,,,,,,,,,,,,,,,,,,,,,,,,,,,,,,,,,,,,,,,,,,,,,,,,,,,,,,,,,,,,,,,,,,,,,,,,,,,,,,,,,
Armenia ,,,,,,,,,,,,,,,,,,,,,,,,,,,,,,,,,,,,,,,,,,,,,,,,,,,,,,,,,,,,,,,,,,,,,,,,,,,,,,,,,,,,,,,,,,,,,,,,,,,,,,,,,,,,,,,,,,,,,,,,,,,,,,,,,,,,,,,,,,,,,,,,,,,,,,,,,,,,,,,,,,,,,,,,,,,,,,,,,,,,,,-14.22%,-52.39%,-4.77%,8.58%,8.52%,5.91%,3.39%,7.37%,3.30%,5.90%,9.66%,14.52%,13.42%,10.33%,13.30%,12.62%,13.00%,6.68%,,3.62%
Azerbaijan ,,,,,,,,,,,,,,,,,,,,,,,,,,,,,,,,,,,,,,,,,,,,,,,,,,,,,,,,,,,,,,,,,,,,,,,,,,,,,,,,,,,,,,,,,,,,,,,,,,,,,,,,,,,,,,,,,,,,,,,,,,,,,,,,,,,,,,,,,,,,,,,,,,,,,,,,,,,,,,,,,,,,,,,,,,,,,,,,,,,,,,-2.89%,-26.97%,-26.57%,-22.11%,-13.35%,0.33%,4.98%,8.91%,6.58%,10.01%,8.95%,9.60%,10.11%,10.35%,21.15%,26.00%,20.36%,10.26%,,3.10%
Belarus ,,,,,,,,,,,,,,,,,,,,,,,,,,,,,,,,,,,,,,,,,,,,,,,,,,,,,,,,,,,,,,,,,,,,,,,,,,,,,,,,,,,,,,,,,,,,,,,,,,,,,,,,,,,,,,,,,,,,,,,,,,,,,,,,,,,,,,,,,,,,,,,,,,,,,,,,,,,,,,,,,,,,,,,,,,,,,,,,,,,,,,-1.45%,-10.32%,-8.12%,-12.33%,-10.66%,3.10%,11.21%,8.43%,3.62%,5.94%,4.93%,5.33%,7.08%,11.29%,9.46%,9.97%,8.67%,9.93%,,3.12%
Estonia ,,,,,,,,,,,,,,,,,,,,,,,,,,,,,,,,,,,,,,,,,,,,,,,,,,,,,,,,,,,,,,,,,,,,,,,,,,,,,,,,,,,,,,,,,,,,,,,,,,,,,,,,,,,,,,,,,,,,,,,,,,,,,,,,,,,,,,,,,,,,,,,,,,,,,,,,,,,,,,,,,,,,,,,,,,,,,,,,,,,,,,-9.91%,-13.20%,-6.41%,0.00%,5.84%,5.70%,11.00%,5.95%,0.70%,8.23%,6.92%,7.67%,5.67%,8.65%,9.64%,10.18%,7.59%,-3.04%,,3.40%
Georgia ,,,,,,,,,,,,,,,,,,,,,,,,,,,,,,,,,,,,,,,,,,,,,,,,,,,,,,,,,,,,,,,,,,,,,,,,,,,,,,,,,,,,,,,,,,,,,,,,,,,,,,,,,,,,,,,,,,,,,,,,,,,,,,,,,,,,,,,,,,,,,,,,,,,,,,,,,,,,,,,,,,,,,,,,,,,,,,,,,,,,,,-23.59%,-58.40%,-32.64%,-8.54%,4.70%,12.19%,11.03%,3.77%,3.54%,2.59%,5.34%,5.73%,10.90%,6.09%,9.52%,9.33%,11.94%,2.39%,,-1.34%
Kazakhstan,,,,,,,,,,,,,,,,,,,,,,,,,,,,,,,,,,,,,,,,,,,,,,,,,,,,,,,,,,,,,,,,,,,,,,,,,,,,,,,,,,,,,,,,,,,,,,,,,,,,,,,,,,,,,,,,,,,,,,,,,,,,,,,,,,,,,,,,,,,,,,,,,,,,,,,,,,,,,,,,,,,,,,,,,,,,,,,,,,,,,,-12.30%,-5.67%,-9.10%,-11.82%,-6.66%,1.65%,3.04%,-0.37%,3.74%,9.70%,12.53%,9.18%,8.69%,8.65%,8.98%,9.85%,8.19%,2.79%,,2.28%
Kyrgyzstan ,,,,,,,,,,,,,,,,,,,,,,,,,,,,,,,,,,,,,,,,,,,,,,,,,,,,,,,,,,,,,,,,,,,,,,,,,,,,,,,,,,,,,,,,,,,,,,,,,,,,,,,,,,,,,,,,,,,,,,,,,,,,,,,,,,,,,,,,,,,,,,,,,,,,,,,,,,,,,,,,,,,,,,,,,,,,,,,,,,,,,,-9.73%,-15.90%,-16.73%,-22.35%,-6.57%,5.41%,8.03%,0.66%,2.23%,4.13%,4.13%,-1.17%,5.28%,5.54%,-1.47%,1.75%,6.82%,5.96%,,-1.33%
Latvia ,,,,,,,,,,,,,,,,,,,,,,,,,,,,,,,,,,,,,,,,,,,,,,,,,,,,,,,,,,,,,,,,,,,,,,,,,,,,,,,,,,,,,,,,,,,,,,,,,,,,,,,,,,,,,,,,,,,,,,,,,,,,,,,,,,,,,,,,,,,,,,,,,,,,,,,,,,,,,,,,,,,,,,,,,,,,,,,,,,,,,,-13.01%,-37.37%,-10.17%,3.83%,0.51%,4.85%,8.97%,5.53%,4.06%,7.41%,8.45%,6.97%,7.97%,13.05%,10.77%,12.19%,10.19%,-4.07%,,2.23%
Lithuania ,,,,,,,,,,,,,,,,,,,,,,,,,,,,,,,,,,,,,,,,,,,,,,,,,,,,,,,,,,,,,,,,,,,,,,,,,,,,,,,,,,,,,,,,,,,,,,,,,,,,,,,,,,,,,,,,,,,,,,,,,,,,,,,,,,,,,,,,,,,,,,,,,,,,,,,,,,,,,,,,,,,,,,,,,,,,,,,,,,,,,,-6.07%,-23.90%,-17.37%,-10.06%,5.23%,4.74%,6.87%,7.13%,-1.64%,3.94%,6.44%,6.92%,9.62%,7.39%,7.82%,7.81%,8.82%,3.24%,,1.50%
Moldova ,,,,,,,,,,,,,,,,,,,,,,,,,,,,,,,,,,,,,,,,,,,,,,,,,,,,,,,,,,,,,,,,,,,,,,,,,,,,,,,,,,,,,,,,,,,,,,,,,,,,,,,,,,,,,,,,,,,,,,,,,,,,,,,,,,,,,,,,,,,,,,,,,,,,,,,,,,,,,,,,,,,,,,,,,,,,,,,,,,,,,,-19.85%,-34.63%,-1.34%,-36.89%,-1.23%,-5.83%,1.72%,-6.63%,-3.25%,2.35%,6.22%,7.76%,6.36%,7.35%,7.39%,4.83%,3.07%,7.07%,,-3.09%
Russian Federation ,,,,,,,,,,,,,,,,,,,,,,,,,,,,,,,,,,,,,,,,,,,,,,,,,,,,,,,,,,,,,,,,,,,,,,,,,,,,,,,,,,,,,,,,,,,,,,,,,,,,,,,,,,,,,,,,,,,,,,,,,,,,,,,,,,,,,,,,,,,,,,,,,,,,,,,,,,,,,,,,,,,,,,,,,,,,,,,,,,,,,,-5.35%,-15.73%,-9.10%,-13.62%,-4.22%,-3.55%,1.56%,-5.27%,6.52%,9.97%,5.47%,5.16%,7.64%,7.51%,6.71%,7.91%,8.28%,5.93%,,0.88%
Tajikistan ,,,,,,,,,,,,,,,,,,,,,,,,,,,,,,,,,,,,,,,,,,,,,,,,,,,,,,,,,,,,,,,,,,,,,,,,,,,,,,,,,,,,,,,,,,,,,,,,,,,,,,,,,,,,,,,,,,,,,,,,,,,,,,,,,,,,,,,,,,,,,,,,,,,,,,,,,,,,,,,,,,,,,,,,,,,,,,,,,,,,,,-11.41%,-40.71%,-18.64%,-24.98%,-14.55%,-19.78%,-0.03%,3.16%,1.52%,6.04%,7.98%,7.31%,7.93%,8.27%,4.61%,4.88%,5.61%,5.72%,,-3.73%
Turkmenistan ,,,,,,,,,,,,,,,,,,,,,,,,,,,,,,,,,,,,,,,,,,,,,,,,,,,,,,,,,,,,,,,,,,,,,,,,,,,,,,,,,,,,,,,,,,,,,,,,,,,,,,,,,,,,,,,,,,,,,,,,,,,,,,,,,,,,,,,,,,,,,,,,,,,,,,,,,,,,,,,,,,,,,,,,,,,,,,,,,,,,,,-7.16%,-18.50%,-0.76%,-21.19%,-9.33%,4.93%,-13.49%,5.42%,13.80%,4.54%,2.66%,0.49%,5.41%,12.58%,11.01%,9.61%,9.84%,8.84%,,1.04%
Ukraine ,,,,,,,,,,,,,,,,,,,,,,,,,,,,,,,,,,,,,,,,,,,,,,,,,,,,,,,,,,,,,,,,,,,,,,,,,,,,,,,,,,,,,,,,,,,,,,,,,,,,,,,,,,,,,,,,,,,,,,,,,,,,,,,,,,,,,,,,,,,,,,,,,,,,,,,,,,,,,,,,,,,,,,,,,,,,,,,,,,,,,,-9.31%,-10.69%,-15.35%,-25.52%,-12.25%,-9.68%,-2.17%,-1.06%,0.71%,6.71%,9.82%,6.00%,9.80%,12.18%,3.40%,7.77%,8.29%,2.74%,,-1.03%
Uzbekistan ,,,,,,,,,,,,,,,,,,,,,,,,,,,,,,,,,,,,,,,,,,,,,,,,,,,,,,,,,,,,,,,,,,,,,,,,,,,,,,,,,,,,,,,,,,,,,,,,,,,,,,,,,,,,,,,,,,,,,,,,,,,,,,,,,,,,,,,,,,,,,,,,,,,,,,,,,,,,,,,,,,,,,,,,,,,,,,,,,,,,,,-3.05%,-14.35%,-4.70%,-7.47%,-2.93%,-0.28%,3.27%,2.69%,2.84%,2.56%,3.09%,2.85%,3.16%,6.36%,5.74%,6.03%,8.08%,7.64%,,1.20%
Total Former USSR ,,,,,,,,,,,,,,,,,,,,,,,,,,,,,,,,,,,,,,,,,,,,,,,,,,,,,,,,,,,,,,,,,,,,,,,,,,,,,,,,,,,,,,,,,,,,,,,,,,,,,,,,,,,,,,,,,,,,,,,,,,,,,,,,,,,,,,,,,,,,,,,,,,,,,,,,,,,,,,,,,,,,,,,,,,,,,,,,,,,,,,-7.08%,-16.00%,-10.42%,-14.83%,-5.39%,-2.87%,2.11%,-2.21%,4.79%,8.35%,6.31%,5.53%,7.66%,8.31%,6.98%,8.46%,8.60%,5.38%,,0.76%
8 Latin American countries ,,,,,,,,,,,,,,,,,,,,,,,,,,,,,,,,,,,,,,,,,,,,,,,,,,,,,,,,,,,,,,,,,,,,,,,,,,,,,,,,,,,,,,,,,,,,,,,,,,,,,,,,,,,,,,,,,,,,,,,,,,,,,,,,,,,,,,,,,,,,,,,,,,,,,,,,,,,,,,,,,,,,,,,,,,,,,,,,,,,,,,,,,,,,,,,,,,,,,,,,,
Argentina ,,,,,,,,,,,,,,,,,,,,,,,,,,,,,,,,,,,,,,,,,,,,,,,,,,,,,,,,,,,,,,,,,,,,,,,,,,,,,,,,,,,,,,,,,,,,,,,,,,,,,,,,,,,,,,,,,,,,,,,,,,,,,,,,,,,,,,,,,,,,,,,,,,,,,,,,,,,,,,,,,,,,,,,,,,,,,,,,,,,,,,8.12%,7.15%,4.35%,6.70%,-4.37%,3.15%,6.53%,3.64%,-4.56%,-1.92%,-5.46%,-12.34%,7.55%,7.56%,7.67%,7.06%,7.25%,5.50%,,2.98%
Brazil ,,,,,,,,,,,,,,,,,,,,,,,,,,,,,,,,,,,,,,,,,,,,,,,,,,,,,,,,,,,,,,,,,,,,,,,,,,,,,,,,,,,,,,,,,,,,,,,,,,,,,,,,,,,,,,,,,,,,,,,,,,,,,,,,,,,,,,,,,,,,,,,,,,,,,,,,,,,,,,,,,,,,,,,,,,,,,,,,,,,,,,-0.59%,-1.88%,2.82%,4.45%,2.56%,1.32%,2.20%,-1.31%,-0.69%,2.85%,-0.14%,0.50%,-0.30%,4.18%,1.82%,2.62%,2.65%,3.69%,,1.49%
Chile ,,,,,,,,,,,,,,,,,,,,,,,,,,,,,,,,,,,,,,,,,,,,,,,,,,,,,,,,,,,,,,,,,,,,,,,,,,,,,,,,,,,,,,,,,,,,,,,,,,,,,,,,,,,,,,,,,,,,,,,,,,,,,,,,,,,,,,,,,,,,,,,,,,,,,,,,,,,,,,,,,,,,,,,,,,,,,,,,,,,,,,5.97%,9.95%,5.19%,6.06%,6.61%,5.76%,5.05%,1.88%,-2.01%,3.20%,2.17%,1.05%,2.75%,4.79%,4.45%,3.53%,3.65%,2.23%,,4.01%
Colombia ,,,,,,,,,,,,,,,,,,,,,,,,,,,,,,,,,,,,,,,,,,,,,,,,,,,,,,,,,,,,,,,,,,,,,,,,,,,,,,,,,,,,,,,,,,,,,,,,,,,,,,,,,,,,,,,,,,,,,,,,,,,,,,,,,,,,,,,,,,,,,,,,,,,,,,,,,,,,,,,,,,,,,,,,,,,,,,,,,,,,,,-0.41%,1.79%,2.39%,4.14%,3.33%,0.20%,-0.35%,-1.10%,-5.93%,1.06%,-0.20%,0.29%,2.91%,3.05%,4.03%,5.19%,5.78%,0.95%,,1.51%
Mexico ,,,,,,,,,,,,,,,,,,,,,,,,,,,,,,,,,,,,,,,,,,,,,,,,,,,,,,,,,,,,,,,,,,,,,,,,,,,,,,,,,,,,,,,,,,,,,,,,,,,,,,,,,,,,,,,,,,,,,,,,,,,,,,,,,,,,,,,,,,,,,,,,,,,,,,,,,,,,,,,,,,,,,,,,,,,,,,,,,,,,,,2.30%,1.71%,0.09%,2.57%,-8.04%,3.40%,4.97%,3.43%,2.37%,5.06%,-1.35%,-0.45%,0.19%,2.73%,2.07%,3.71%,2.25%,0.08%,,1.51%
Peru ,,,,,,,,,,,,,,,,,,,,,,,,,,,,,,,,,,,,,,,,,,,,,,,,,,,,,,,,,,,,,,,,,,,,,,,,,,,,,,,,,,,,,,,,,,,,,,,,,,,,,,,,,,,,,,,,,,,,,,,,,,,,,,,,,,,,,,,,,,,,,,,,,,,,,,,,,,,,,,,,,,,,,,,,,,,,,,,,,,,,,,0.37%,-2.99%,3.47%,10.70%,6.25%,0.37%,6.44%,-1.61%,-0.71%,1.50%,-1.33%,3.33%,2.47%,3.46%,5.19%,6.07%,7.21%,8.07%,,3.24%
Uruguay,,,,,,,,,,,,,,,,,,,,,,,,,,,,,,,,,,,,,,,,,,,,,,,,,,,,,,,,,,,,,,,,,,,,,,,,,,,,,,,,,,,,,,,,,,,,,,,,,,,,,,,,,,,,,,,,,,,,,,,,,,,,,,,,,,,,,,,,,,,,,,,,,,,,,,,,,,,,,,,,,,,,,,,,,,,,,,,,,,,,,,2.18%,6.44%,2.36%,4.72%,-2.77%,4.17%,4.12%,3.83%,-3.42%,-1.91%,-4.04%,-12.25%,1.61%,10.59%,5.83%,6.24%,6.80%,8.04%,,2.36%
Venezuela,,,,,,,,,,,,,,,,,,,,,,,,,,,,,,,,,,,,,,,,,,,,,,,,,,,,,,,,,,,,,,,,,,,,,,,,,,,,,,,,,,,,,,,,,,,,,,,,,,,,,,,,,,,,,,,,,,,,,,,,,,,,,,,,,,,,,,,,,,,,,,,,,,,,,,,,,,,,,,,,,,,,,,,,,,,,,,,,,,,,,,7.60%,4.49%,-2.58%,-5.85%,3.75%,-2.29%,4.58%,-1.92%,-7.94%,1.59%,1.85%,-10.72%,-9.57%,15.35%,8.35%,7.98%,6.40%,3.20%,,1.35%
Total 8 Latin American countries,,,,,,,,,,,,,,,,,,,,,,,,,,,,,,,,,,,,,,,,,,,,,,,,,,,,,,,,,,,,,,,,,,,,,,,,,,,,,,,,,,,,,,,,,,,,,,,,,,,,,,,,,,,,,,,,,,,,,,,,,,,,,,,,,,,,,,,,,,,,,,,,,,,,,,,,,,,,,,,,,,,,,,,,,,,,,,,,,,,,,,2.20%,1.59%,1.91%,3.64%,-0.50%,1.88%,3.71%,0.67%,-1.48%,2.53%,-0.91%,-1.96%,0.58%,4.85%,3.50%,4.23%,3.91%,2.88%,,1.85%
15 Latin American countries ,,,,,,,,,,,,,,,,,,,,,,,,,,,,,,,,,,,,,,,,,,,,,,,,,,,,,,,,,,,,,,,,,,,,,,,,,,,,,,,,,,,,,,,,,,,,,,,,,,,,,,,,,,,,,,,,,,,,,,,,,,,,,,,,,,,,,,,,,,,,,,,,,,,,,,,,,,,,,,,,,,,,,,,,,,,,,,,,,,,,,,,,,,,,,,,,,,,,,,,,,
Bolivia ,,,,,,,,,,,,,,,,,,,,,,,,,,,,,,,,,,,,,,,,,,,,,,,,,,,,,,,,,,,,,,,,,,,,,,,,,,,,,,,,,,,,,,,,,,,,,,,,,,,,,,,,,,,,,,,,,,,,,,,,,,,,,,,,,,,,,,,,,,,,,,,,,,,,,,,,,,,,,,,,,,,,,,,,,,,,,,,,,,,,,,2.89%,-0.69%,1.81%,2.43%,2.40%,2.17%,2.76%,2.96%,-1.70%,0.29%,-0.41%,0.34%,0.61%,2.10%,2.35%,2.74%,2.61%,4.08%,,1.65%
Costa Rica,,,,,,,,,,,,,,,,,,,,,,,,,,,,,,,,,,,,,,,,,,,,,,,,,,,,,,,,,,,,,,,,,,,,,,,,,,,,,,,,,,,,,,,,,,,,,,,,,,,,,,,,,,,,,,,,,,,,,,,,,,,,,,,,,,,,,,,,,,,,,,,,,,,,,,,,,,,,,,,,,,,,,,,,,,,,,,,,,,,,,,-0.24%,4.56%,3.42%,2.07%,0.11%,-1.09%,3.54%,6.24%,7.19%,0.48%,-0.62%,1.25%,4.57%,2.69%,4.23%,6.98%,5.16%,2.07%,,2.92%
Cuba,,,,,,,,,,,,,,,,,,,,,,,,,,,,,,,,,,,,,,,,,,,,,,,,,,,,,,,,,,,,,,,,,,,,,,,,,,,,,,,,,,,,,,,,,,,,,,,,,,,,,,,,,,,,,,,,,,,,,,,,,,,,,,,,,,,,,,,,,,,,,,,,,,,,,,,,,,,,,,,,,,,,,,,,,,,,,,,,,,,,,,-13.26%,-15.61%,-18.14%,1.55%,2.86%,7.91%,2.88%,0.86%,6.09%,4.88%,2.47%,1.10%,3.34%,5.27%,10.28%,11.11%,6.76%,3.75%,,1.34%
Dominican Republic ,,,,,,,,,,,,,,,,,,,,,,,,,,,,,,,,,,,,,,,,,,,,,,,,,,,,,,,,,,,,,,,,,,,,,,,,,,,,,,,,,,,,,,,,,,,,,,,,,,,,,,,,,,,,,,,,,,,,,,,,,,,,,,,,,,,,,,,,,,,,,,,,,,,,,,,,,,,,,,,,,,,,,,,,,,,,,,,,,,,,,,-1.16%,4.32%,0.25%,2.54%,2.72%,5.24%,6.30%,5.41%,6.06%,7.01%,1.97%,2.77%,-1.84%,-0.24%,7.37%,0.09%,6.65%,3.67%,,3.29%
Ecuador ,,,,,,,,,,,,,,,,,,,,,,,,,,,,,,,,,,,,,,,,,,,,,,,,,,,,,,,,,,,,,,,,,,,,,,,,,,,,,,,,,,,,,,,,,,,,,,,,,,,,,,,,,,,,,,,,,,,,,,,,,,,,,,,,,,,,,,,,,,,,,,,,,,,,,,,,,,,,,,,,,,,,,,,,,,,,,,,,,,,,,,3.81%,1.77%,0.30%,1.93%,0.68%,-0.30%,1.06%,-1.77%,-9.37%,-17.37%,3.53%,-0.52%,1.63%,5.47%,3.65%,1.98%,0.92%,4.76%,,0.12%
El Salvador,,,,,,,,,,,,,,,,,,,,,,,,,,,,,,,,,,,,,,,,,,,,,,,,,,,,,,,,,,,,,,,,,,,,,,,,,,,,,,,,,,,,,,,,,,,,,,,,,,,,,,,,,,,,,,,,,,,,,,,,,,,,,,,,,,,,,,,,,,,,,,,,,,,,,,,,,,,,,,,,,,,,,,,,,,,,,,,,,,,,,,1.10%,5.34%,4.42%,4.03%,4.16%,-0.10%,2.29%,1.81%,1.44%,0.28%,-0.18%,0.36%,0.44%,0.08%,1.28%,2.37%,2.88%,0.79%,,1.82%
Guatemala,,,,,,,,,,,,,,,,,,,,,,,,,,,,,,,,,,,,,,,,,,,,,,,,,,,,,,,,,,,,,,,,,,,,,,,,,,,,,,,,,,,,,,,,,,,,,,,,,,,,,,,,,,,,,,,,,,,,,,,,,,,,,,,,,,,,,,,,,,,,,,,,,,,,,,,,,,,,,,,,,,,,,,,,,,,,,,,,,,,,,,0.92%,3.13%,2.27%,1.36%,2.37%,0.59%,1.82%,2.97%,1.92%,1.88%,0.53%,0.27%,0.59%,1.33%,1.23%,3.05%,3.94%,1.79%,,1.78%
Haïti,,,,,,,,,,,,,,,,,,,,,,,,,,,,,,,,,,,,,,,,,,,,,,,,,,,,,,,,,,,,,,,,,,,,,,,,,,,,,,,,,,,,,,,,,,,,,,,,,,,,,,,,,,,,,,,,,,,,,,,,,,,,,,,,,,,,,,,,,,,,,,,,,,,,,,,,,,,,,,,,,,,,,,,,,,,,,,,,,,,,,,-1.72%,-16.68%,-4.33%,-10.73%,2.79%,2.00%,0.73%,0.27%,0.84%,-0.95%,-2.93%,-2.38%,-1.50%,-5.50%,-0.14%,0.98%,1.52%,-0.53%,,-2.13%
Honduras,,,,,,,,,,,,,,,,,,,,,,,,,,,,,,,,,,,,,,,,,,,,,,,,,,,,,,,,,,,,,,,,,,,,,,,,,,,,,,,,,,,,,,,,,,,,,,,,,,,,,,,,,,,,,,,,,,,,,,,,,,,,,,,,,,,,,,,,,,,,,,,,,,,,,,,,,,,,,,,,,,,,,,,,,,,,,,,,,,,,,,-0.19%,2.72%,3.91%,-4.87%,0.71%,0.68%,2.10%,0.25%,-4.51%,2.12%,0.00%,0.20%,1.95%,3.64%,3.66%,4.20%,3.98%,1.87%,,1.24%
Jamaica ,,,,,,,,,,,,,,,,,,,,,,,,,,,,,,,,,,,,,,,,,,,,,,,,,,,,,,,,,,,,,,,,,,,,,,,,,,,,,,,,,,,,,,,,,,,,,,,,,,,,,,,,,,,,,,,,,,,,,,,,,,,,,,,,,,,,,,,,,,,,,,,,,,,,,,,,,,,,,,,,,,,,,,,,,,,,,,,,,,,,,,-0.15%,1.63%,0.57%,0.67%,0.36%,-2.81%,-2.69%,-1.55%,-1.20%,0.08%,0.77%,0.10%,2.55%,0.49%,0.11%,1.81%,0.56%,-4.45%,,-0.18%
Nicaragua,,,,,,,,,,,,,,,,,,,,,,,,,,,,,,,,,,,,,,,,,,,,,,,,,,,,,,,,,,,,,,,,,,,,,,,,,,,,,,,,,,,,,,,,,,,,,,,,,,,,,,,,,,,,,,,,,,,,,,,,,,,,,,,,,,,,,,,,,,,,,,,,,,,,,,,,,,,,,,,,,,,,,,,,,,,,,,,,,,,,,,-5.28%,-2.93%,-3.38%,1.02%,1.60%,1.98%,2.53%,1.70%,15.60%,-7.27%,0.80%,-1.47%,0.41%,23.81%,-18.38%,1.90%,1.28%,1.30%,,0.85%
Panama,,,,,,,,,,,,,,,,,,,,,,,,,,,,,,,,,,,,,,,,,,,,,,,,,,,,,,,,,,,,,,,,,,,,,,,,,,,,,,,,,,,,,,,,,,,,,,,,,,,,,,,,,,,,,,,,,,,,,,,,,,,,,,,,,,,,,,,,,,,,,,,,,,,,,,,,,,,,,,,,,,,,,,,,,,,,,,,,,,,,,,6.63%,5.93%,3.21%,1.11%,-0.03%,0.42%,2.32%,2.01%,1.34%,0.66%,-1.21%,0.49%,2.05%,2.39%,1.23%,2.61%,4.97%,4.05%,,2.23%
Paraguay,,,,,,,,,,,,,,,,,,,,,,,,,,,,,,,,,,,,,,,,,,,,,,,,,,,,,,,,,,,,,,,,,,,,,,,,,,,,,,,,,,,,,,,,,,,,,,,,,,,,,,,,,,,,,,,,,,,,,,,,,,,,,,,,,,,,,,,,,,,,,,,,,,,,,,,,,,,,,,,,,,,,,,,,,,,,,,,,,,,,,,-0.39%,-1.16%,1.09%,0.14%,1.64%,-1.47%,-0.14%,-3.09%,-2.18%,-3.03%,-0.56%,-2.64%,1.21%,1.50%,0.37%,1.75%,4.15%,3.24%,,0.02%
Puerto Rico ,,,,,,,,,,,,,,,,,,,,,,,,,,,,,,,,,,,,,,,,,,,,,,,,,,,,,,,,,,,,,,,,,,,,,,,,,,,,,,,,,,,,,,,,,,,,,,,,,,,,,,,,,,,,,,,,,,,,,,,,,,,,,,,,,,,,,,,,,,,,,,,,,,,,,,,,,,,,,,,,,,,,,,,,,,,,,,,,,,,,,,1.57%,3.82%,3.70%,3.17%,3.53%,2.12%,2.41%,2.58%,3.61%,2.69%,1.55%,-0.02%,1.10%,1.15%,2.22%,2.06%,0.11%,-1.58%,,1.99%
Trinidad and Tobago ,,,,,,,,,,,,,,,,,,,,,,,,,,,,,,,,,,,,,,,,,,,,,,,,,,,,,,,,,,,,,,,,,,,,,,,,,,,,,,,,,,,,,,,,,,,,,,,,,,,,,,,,,,,,,,,,,,,,,,,,,,,,,,,,,,,,,,,,,,,,,,,,,,,,,,,,,,,,,,,,,,,,,,,,,,,,,,,,,,,,,,3.04%,-1.43%,-1.28%,4.11%,4.10%,3.89%,3.21%,4.85%,6.81%,4.93%,4.39%,3.39%,13.77%,7.94%,5.43%,13.61%,4.66%,2.44%,,4.88%
Total 15 Latin American countries,,,,,,,,,,,,,,,,,,,,,,,,,,,,,,,,,,,,,,,,,,,,,,,,,,,,,,,,,,,,,,,,,,,,,,,,,,,,,,,,,,,,,,,,,,,,,,,,,,,,,,,,,,,,,,,,,,,,,,,,,,,,,,,,,,,,,,,,,,,,,,,,,,,,,,,,,,,,,,,,,,,,,,,,,,,,,,,,,,,,,,-0.47%,0.09%,-0.06%,1.49%,1.93%,1.37%,2.10%,1.58%,1.00%,-0.77%,0.93%,0.20%,1.62%,3.20%,2.29%,3.67%,3.18%,1.97%,,1.41%
Total 21 small Caribbean countries ,,,,,,,,,,,,,,,,,,,,,,,,,,,,,,,,,,,,,,,,,,,,,,,,,,,,,,,,,,,,,,,,,,,,,,,,,,,,,,,,,,,,,,,,,,,,,,,,,,,,,,,,,,,,,,,,,,,,,,,,,,,,,,,,,,,,,,,,,,,,,,,,,,,,,,,,,,,,,,,,,,,,,,,,,,,,,,,,,,,,,,1.87%,1.72%,1.62%,1.61%,1.59%,1.70%,1.68%,1.62%,1.74%,0.00%,-1.89%,-0.05%,1.22%,1.99%,7.09%,4.68%,4.35%,3.26%,,1.99%
Total Latin America,,,,,,,,,,,,,,,,,,,,,,,,,,,,,,,,,,,,,,,,,,,,,,,,,,,,,,,,,,,,,,,,,,,,,,,,,,,,,,,,,,,,,,,,,,,,,,,,,,,,,,,,,,,,,,,,,,,,,,,,,,,,,,,,,,,,,,,,,,,,,,,,,,,,,,,,,,,,,,,,,,,,,,,,,,,,,,,,,,,,,,1.88%,1.42%,1.68%,3.37%,-0.24%,1.80%,3.50%,0.76%,-1.20%,2.12%,-0.73%,-1.72%,0.68%,4.68%,3.28%,4.14%,3.81%,2.75%,,1.78%
16 East Asian countries ,,,,,,,,,,,,,,,,,,,,,,,,,,,,,,,,,,,,,,,,,,,,,,,,,,,,,,,,,,,,,,,,,,,,,,,,,,,,,,,,,,,,,,,,,,,,,,,,,,,,,,,,,,,,,,,,,,,,,,,,,,,,,,,,,,,,,,,,,,,,,,,,,,,,,,,,,,,,,,,,,,,,,,,,,,,,,,,,,,,,,,,,,,,,,,,,,,,,,,,,,
China ,,,,,,,,,,,,,,,,,,,,,,,,,,,,,,,,,,,,,,,,,,,,,,,,,,,,,,,,,,,,,,,,,,,,,,,,,,,,,,,,,,,,,,,,,,,,,,,,,,,,,,,,,,,,,,,,,,,,,,,,,,,,,,,,,,,,,,,,,,,,,,,,,,,,,,,,,,,,,,,,,,,,,,,,,,,,,,,,,,,,,,5.02%,8.05%,8.09%,8.41%,12.99%,0.99%,4.11%,-0.67%,5.49%,7.86%,9.42%,11.03%,13.48%,7.34%,7.57%,8.13%,4.14%,6.48%,,7.11%
India ,,,,,,,,,,,,,,,,,,,,,,,,,,,,,,,,,,,,,,,,,,,,,,,,,,,,,,,,,,,,,,,,,,,,,,,,,,,,,,,,,,,,,,,,,,,,,,,,,,,,,,,,,,,,,,,,,,,,,,,,,,,,,,,,,,,,,,,,,,,,,,,,,,,,,,,,,,,,,,,,,,,,,,,,,,,,,,,,,,,,,,-0.45%,3.21%,3.92%,5.18%,5.27%,5.72%,2.86%,4.50%,4.11%,2.51%,3.86%,1.75%,6.46%,6.52%,6.16%,7.70%,7.36%,5.45%,,4.56%
Indonesia (including Timor until 1999),,,,,,,,,,,,,,,,,,,,,,,,,,,,,,,,,,,,,,,,,,,,,,,,,,,,,,,,,,,,,,,,,,,,,,,,,,,,,,,,,,,,,,,,,,,,,,,,,,,,,,,,,,,,,,,,,,,,,,,,,,,,,,,,,,,,,,,,,,,,,,,,,,,,,,,,,,,,,,,,,,,,,,,,,,,,,,,,,,,,,,3.44%,8.73%,5.27%,5.68%,6.13%,6.19%,3.29%,-15.50%,-0.78%,4.02%,2.47%,2.87%,3.58%,3.48%,4.24%,4.05%,4.81%,4.61%,,3.14%
Japan ,,,,,,,,,,,,,,,,,,,,,,,,,,,,,,,,,,,,,,,,,,,,,,,,,,,,,,,,,,,,,,,,,,,,,,,,,,,,,,,,,,,,,,,,,,,,,,,,,,,,,,,,,,,,,,,,,,,,,,,,,,,,,,,,,,,,,,,,,,,,,,,,,,,,,,,,,,,,,,,,,,,,,,,,,,,,,,,,,,,,,,2.97%,0.66%,-0.02%,0.82%,1.73%,3.14%,1.51%,-3.22%,-0.34%,2.64%,-0.01%,0.09%,1.61%,2.27%,1.84%,2.00%,2.34%,-0.59%,,1.08%
Philippines,,,,,,,,,,,,,,,,,,,,,,,,,,,,,,,,,,,,,,,,,,,,,,,,,,,,,,,,,,,,,,,,,,,,,,,,,,,,,,,,,,,,,,,,,,,,,,,,,,,,,,,,,,,,,,,,,,,,,,,,,,,,,,,,,,,,,,,,,,,,,,,,,,,,,,,,,,,,,,,,,,,,,,,,,,,,,,,,,,,,,,-2.84%,-1.75%,0.01%,2.13%,2.29%,3.28%,2.78%,-2.79%,1.17%,3.59%,-0.55%,2.06%,2.67%,4.07%,2.85%,3.16%,4.83%,1.70%,,1.59%
South Korea ,,,,,,,,,,,,,,,,,,,,,,,,,,,,,,,,,,,,,,,,,,,,,,,,,,,,,,,,,,,,,,,,,,,,,,,,,,,,,,,,,,,,,,,,,,,,,,,,,,,,,,,,,,,,,,,,,,,,,,,,,,,,,,,,,,,,,,,,,,,,,,,,,,,,,,,,,,,,,,,,,,,,,,,,,,,,,,,,,,,,,,7.73%,4.15%,4.28%,7.00%,7.68%,5.96%,3.80%,-6.19%,8.34%,7.39%,3.91%,5.32%,2.59%,4.21%,3.61%,4.82%,4.71%,1.91%,,4.51%
Thailand ,,,,,,,,,,,,,,,,,,,,,,,,,,,,,,,,,,,,,,,,,,,,,,,,,,,,,,,,,,,,,,,,,,,,,,,,,,,,,,,,,,,,,,,,,,,,,,,,,,,,,,,,,,,,,,,,,,,,,,,,,,,,,,,,,,,,,,,,,,,,,,,,,,,,,,,,,,,,,,,,,,,,,,,,,,,,,,,,,,,,,,6.89%,6.46%,6.76%,7.36%,7.56%,4.54%,-2.51%,-12.13%,3.45%,3.88%,1.38%,4.44%,5.91%,5.38%,3.79%,4.38%,4.11%,1.92%,,3.53%
Taiwan,,,,,,,,,,,,,,,,,,,,,,,,,,,,,,,,,,,,,,,,,,,,,,,,,,,,,,,,,,,,,,,,,,,,,,,,,,,,,,,,,,,,,,,,,,,,,,,,,,,,,,,,,,,,,,,,,,,,,,,,,,,,,,,,,,,,,,,,,,,,,,,,,,,,,,,,,,,,,,,,,,,,,,,,,,,,,,,,,,,,,,6.23%,6.22%,5.81%,5.95%,5.34%,5.10%,5.42%,3.56%,4.49%,4.82%,-3.12%,3.01%,2.93%,5.57%,3.77%,4.33%,5.21%,-0.17%,,4.14%
Bangladesh,,,,,,,,,,,,,,,,,,,,,,,,,,,,,,,,,,,,,,,,,,,,,,,,,,,,,,,,,,,,,,,,,,,,,,,,,,,,,,,,,,,,,,,,,,,,,,,,,,,,,,,,,,,,,,,,,,,,,,,,,,,,,,,,,,,,,,,,,,,,,,,,,,,,,,,,,,,,,,,,,,,,,,,,,,,,,,,,,,,,,,1.00%,2.70%,2.32%,1.91%,2.76%,2.49%,3.25%,3.16%,2.89%,3.98%,3.41%,2.65%,3.52%,4.68%,4.67%,4.94%,4.79%,4.52%,,3.31%
Burma ,,,,,,,,,,,,,,,,,,,,,,,,,,,,,,,,,,,,,,,,,,,,,,,,,,,,,,,,,,,,,,,,,,,,,,,,,,,,,,,,,,,,,,,,,,,,,,,,,,,,,,,,,,,,,,,,,,,,,,,,,,,,,,,,,,,,,,,,,,,,,,,,,,,,,,,,,,,,,,,,,,,,,,,,,,,,,,,,,,,,,,-1.91%,8.24%,4.79%,5.77%,5.28%,4.92%,4.36%,4.44%,9.26%,11.81%,9.69%,10.34%,11.98%,11.69%,11.72%,11.48%,10.42%,3.11%,,7.63%
Hong Kong,,,,,,,,,,,,,,,,,,,,,,,,,,,,,,,,,,,,,,,,,,,,,,,,,,,,,,,,,,,,,,,,,,,,,,,,,,,,,,,,,,,,,,,,,,,,,,,,,,,,,,,,,,,,,,,,,,,,,,,,,,,,,,,,,,,,,,,,,,,,,,,,,,,,,,,,,,,,,,,,,,,,,,,,,,,,,,,,,,,,,,4.37%,5.04%,4.37%,3.12%,1.24%,1.58%,3.33%,-5.84%,2.53%,8.78%,-0.36%,1.14%,2.46%,7.59%,6.23%,6.16%,5.63%,1.83%,,3.29%
Malaysia ,,,,,,,,,,,,,,,,,,,,,,,,,,,,,,,,,,,,,,,,,,,,,,,,,,,,,,,,,,,,,,,,,,,,,,,,,,,,,,,,,,,,,,,,,,,,,,,,,,,,,,,,,,,,,,,,,,,,,,,,,,,,,,,,,,,,,,,,,,,,,,,,,,,,,,,,,,,,,,,,,,,,,,,,,,,,,,,,,,,,,,6.84%,6.23%,7.12%,6.53%,7.15%,7.35%,4.93%,-9.75%,3.86%,6.17%,-1.66%,2.10%,3.75%,4.81%,3.35%,3.85%,4.24%,2.75%,,3.87%
Nepal ,,,,,,,,,,,,,,,,,,,,,,,,,,,,,,,,,,,,,,,,,,,,,,,,,,,,,,,,,,,,,,,,,,,,,,,,,,,,,,,,,,,,,,,,,,,,,,,,,,,,,,,,,,,,,,,,,,,,,,,,,,,,,,,,,,,,,,,,,,,,,,,,,,,,,,,,,,,,,,,,,,,,,,,,,,,,,,,,,,,,,,3.41%,1.06%,0.79%,5.01%,0.49%,2.37%,1.30%,-0.68%,0.87%,4.06%,3.10%,-2.18%,1.28%,1.90%,1.62%,2.19%,1.92%,3.27%,,1.77%
Pakistan,,,,,,,,,,,,,,,,,,,,,,,,,,,,,,,,,,,,,,,,,,,,,,,,,,,,,,,,,,,,,,,,,,,,,,,,,,,,,,,,,,,,,,,,,,,,,,,,,,,,,,,,,,,,,,,,,,,,,,,,,,,,,,,,,,,,,,,,,,,,,,,,,,,,,,,,,,,,,,,,,,,,,,,,,,,,,,,,,,,,,,2.66%,5.02%,-0.26%,1.24%,2.32%,2.08%,-1.55%,0.01%,1.14%,0.64%,-0.85%,1.15%,2.83%,5.29%,5.41%,3.86%,3.38%,-0.04%,,1.91%
Singapore ,,,,,,,,,,,,,,,,,,,,,,,,,,,,,,,,,,,,,,,,,,,,,,,,,,,,,,,,,,,,,,,,,,,,,,,,,,,,,,,,,,,,,,,,,,,,,,,,,,,,,,,,,,,,,,,,,,,,,,,,,,,,,,,,,,,,,,,,,,,,,,,,,,,,,,,,,,,,,,,,,,,,,,,,,,,,,,,,,,,,,,3.39%,3.62%,8.75%,7.84%,4.44%,4.24%,4.73%,-3.59%,5.03%,7.53%,-3.97%,0.26%,1.19%,6.65%,5.41%,6.58%,6.17%,-0.11%,,3.79%
Sri Lanka,,,,,,,,,,,,,,,,,,,,,,,,,,,,,,,,,,,,,,,,,,,,,,,,,,,,,,,,,,,,,,,,,,,,,,,,,,,,,,,,,,,,,,,,,,,,,,,,,,,,,,,,,,,,,,,,,,,,,,,,,,,,,,,,,,,,,,,,,,,,,,,,,,,,,,,,,,,,,,,,,,,,,,,,,,,,,,,,,,,,,,3.39%,3.10%,5.32%,4.07%,4.11%,2.63%,5.20%,3.60%,3.24%,4.82%,-2.63%,2.76%,4.60%,4.24%,5.03%,6.38%,5.58%,4.86%,,3.91%
Total 16 East Asian countries ,,,,,,,,,,,,,,,,,,,,,,,,,,,,,,,,,,,,,,,,,,,,,,,,,,,,,,,,,,,,,,,,,,,,,,,,,,,,,,,,,,,,,,,,,,,,,,,,,,,,,,,,,,,,,,,,,,,,,,,,,,,,,,,,,,,,,,,,,,,,,,,,,,,,,,,,,,,,,,,,,,,,,,,,,,,,,,,,,,,,,,3.07%,4.12%,3.87%,4.73%,6.65%,2.92%,2.52%,-2.49%,3.02%,4.77%,4.00%,5.06%,7.33%,5.51%,5.06%,5.87%,4.20%,3.89%,,4.12%
30 East Asian countries ,,,,,,,,,,,,,,,,,,,,,,,,,,,,,,,,,,,,,,,,,,,,,,,,,,,,,,,,,,,,,,,,,,,,,,,,,,,,,,,,,,,,,,,,,,,,,,,,,,,,,,,,,,,,,,,,,,,,,,,,,,,,,,,,,,,,,,,,,,,,,,,,,,,,,,,,,,,,,,,,,,,,,,,,,,,,,,,,,,,,,,,,,,,,,,,,,,,,,,,,,
Afghanistan,,,,,,,,,,,,,,,,,,,,,,,,,,,,,,,,,,,,,,,,,,,,,,,,,,,,,,,,,,,,,,,,,,,,,,,,,,,,,,,,,,,,,,,,,,,,,,,,,,,,,,,,,,,,,,,,,,,,,,,,,,,,,,,,,,,,,,,,,,,,,,,,,,,,,,,,,,,,,,,,,,,,,,,,,,,,,,,,,,,,,,-0.57%,-8.29%,-15.01%,-11.04%,18.45%,2.63%,2.78%,2.79%,2.67%,-1.06%,-10.95%,19.99%,7.73%,2.46%,10.08%,4.18%,8.77%,0.72%,,2.02%
Cambodia ,,,,,,,,,,,,,,,,,,,,,,,,,,,,,,,,,,,,,,,,,,,,,,,,,,,,,,,,,,,,,,,,,,,,,,,,,,,,,,,,,,,,,,,,,,,,,,,,,,,,,,,,,,,,,,,,,,,,,,,,,,,,,,,,,,,,,,,,,,,,,,,,,,,,,,,,,,,,,,,,,,,,,,,,,,,,,,,,,,,,,,3.73%,2.37%,-0.66%,0.55%,4.05%,3.14%,0.55%,-0.65%,8.39%,4.93%,3.74%,3.58%,3.32%,34.40%,10.80%,8.56%,8.00%,4.75%,,5.75%
Laos,,,,,,,,,,,,,,,,,,,,,,,,,,,,,,,,,,,,,,,,,,,,,,,,,,,,,,,,,,,,,,,,,,,,,,,,,,,,,,,,,,,,,,,,,,,,,,,,,,,,,,,,,,,,,,,,,,,,,,,,,,,,,,,,,,,,,,,,,,,,,,,,,,,,,,,,,,,,,,,,,,,,,,,,,,,,,,,,,,,,,,0.18%,2.36%,6.82%,3.21%,2.41%,-0.18%,2.58%,0.45%,4.97%,3.06%,3.05%,3.21%,3.17%,3.76%,4.44%,5.66%,4.85%,4.60%,,3.25%
Mongolia ,,,,,,,,,,,,,,,,,,,,,,,,,,,,,,,,,,,,,,,,,,,,,,,,,,,,,,,,,,,,,,,,,,,,,,,,,,,,,,,,,,,,,,,,,,,,,,,,,,,,,,,,,,,,,,,,,,,,,,,,,,,,,,,,,,,,,,,,,,,,,,,,,,,,,,,,,,,,,,,,,,,,,,,,,,,,,,,,,,,,,,-12.05%,-12.07%,-4.80%,0.55%,4.21%,0.38%,2.20%,1.77%,-1.60%,-1.54%,-1.52%,-1.47%,-1.43%,4.71%,-1.46%,-1.47%,-1.48%,-1.49%,,-1.59%
North Korea ,,,,,,,,,,,,,,,,,,,,,,,,,,,,,,,,,,,,,,,,,,,,,,,,,,,,,,,,,,,,,,,,,,,,,,,,,,,,,,,,,,,,,,,,,,,,,,,,,,,,,,,,,,,,,,,,,,,,,,,,,,,,,,,,,,,,,,,,,,,,,,,,,,,,,,,,,,,,,,,,,,,,,,,,,,,,,,,,,,,,,,0.00%,-9.72%,-1.43%,-31.73%,-19.59%,-19.33%,-6.41%,0.77%,1.20%,-0.76%,-1.08%,-1.01%,-0.85%,-0.71%,-0.65%,-0.60%,-0.55%,-0.49%,,-5.16%
Vietnam,,,,,,,,,,,,,,,,,,,,,,,,,,,,,,,,,,,,,,,,,,,,,,,,,,,,,,,,,,,,,,,,,,,,,,,,,,,,,,,,,,,,,,,,,,,,,,,,,,,,,,,,,,,,,,,,,,,,,,,,,,,,,,,,,,,,,,,,,,,,,,,,,,,,,,,,,,,,,,,,,,,,,,,,,,,,,,,,,,,,,,3.65%,6.46%,5.92%,6.66%,7.43%,7.36%,6.37%,4.24%,3.38%,5.33%,5.49%,5.71%,5.92%,6.45%,7.02%,6.85%,7.15%,5.02%,,5.91%
Total 24 Small East Asian countries,,,,,,,,,,,,,,,,,,,,,,,,,,,,,,,,,,,,,,,,,,,,,,,,,,,,,,,,,,,,,,,,,,,,,,,,,,,,,,,,,,,,,,,,,,,,,,,,,,,,,,,,,,,,,,,,,,,,,,,,,,,,,,,,,,,,,,,,,,,,,,,,,,,,,,,,,,,,,,,,,,,,,,,,,,,,,,,,,,,,,,1.92%,2.35%,2.40%,2.20%,2.25%,2.16%,2.09%,-0.52%,5.43%,-2.13%,-1.36%,8.01%,4.43%,4.39%,4.35%,4.81%,3.10%,2.85%,,2.71%
Total 30 East Asian countries ,,,,,,,,,,,,,,,,,,,,,,,,,,,,,,,,,,,,,,,,,,,,,,,,,,,,,,,,,,,,,,,,,,,,,,,,,,,,,,,,,,,,,,,,,,,,,,,,,,,,,,,,,,,,,,,,,,,,,,,,,,,,,,,,,,,,,,,,,,,,,,,,,,,,,,,,,,,,,,,,,,,,,,,,,,,,,,,,,,,,,,1.65%,-1.02%,0.98%,-5.49%,1.38%,1.57%,3.35%,2.65%,3.52%,3.24%,2.93%,5.44%,4.37%,6.76%,6.10%,5.69%,6.10%,3.92%,,2.95%
15 West Asian countries,,,,,,,,,,,,,,,,,,,,,,,,,,,,,,,,,,,,,,,,,,,,,,,,,,,,,,,,,,,,,,,,,,,,,,,,,,,,,,,,,,,,,,,,,,,,,,,,,,,,,,,,,,,,,,,,,,,,,,,,,,,,,,,,,,,,,,,,,,,,,,,,,,,,,,,,,,,,,,,,,,,,,,,,,,,,,,,,,,,,,,,,,,,,,,,,,,,,,,,,,
Bahrain ,,,,,,,,,,,,,,,,,,,,,,,,,,,,,,,,,,,,,,,,,,,,,,,,,,,,,,,,,,,,,,,,,,,,,,,,,,,,,,,,,,,,,,,,,,,,,,,,,,,,,,,,,,,,,,,,,,,,,,,,,,,,,,,,,,,,,,,,,,,,,,,,,,,,,,,,,,,,,,,,,,,,,,,,,,,,,,,,,,,,,,1.59%,4.78%,5.27%,-2.86%,1.32%,1.72%,0.94%,2.64%,2.29%,3.22%,2.76%,3.36%,5.34%,3.87%,6.08%,5.01%,6.35%,4.57%,,3.24%
Iran,,,,,,,,,,,,,,,,,,,,,,,,,,,,,,,,,,,,,,,,,,,,,,,,,,,,,,,,,,,,,,,,,,,,,,,,,,,,,,,,,,,,,,,,,,,,,,,,,,,,,,,,,,,,,,,,,,,,,,,,,,,,,,,,,,,,,,,,,,,,,,,,,,,,,,,,,,,,,,,,,,,,,,,,,,,,,,,,,,,,,,6.41%,3.88%,1.83%,2.22%,2.25%,4.62%,3.96%,0.97%,1.21%,4.28%,2.88%,4.10%,-26.14%,37.47%,3.96%,5.19%,6.94%,1.74%,,3.77%
Iraq ,,,,,,,,,,,,,,,,,,,,,,,,,,,,,,,,,,,,,,,,,,,,,,,,,,,,,,,,,,,,,,,,,,,,,,,,,,,,,,,,,,,,,,,,,,,,,,,,,,,,,,,,,,,,,,,,,,,,,,,,,,,,,,,,,,,,,,,,,,,,,,,,,,,,,,,,,,,,,,,,,,,,,,,,,,,,,,,,,,,,,,-95.43%,23.41%,-2.99%,-8.13%,-12.50%,8.80%,-6.94%,11.02%,5.24%,7.55%,5.77%,3.93%,-27.39%,-2.76%,-3.43%,3.33%,-1.15%,6.48%,,-4.73%
Israel ,,,,,,,,,,,,,,,,,,,,,,,,,,,,,,,,,,,,,,,,,,,,,,,,,,,,,,,,,,,,,,,,,,,,,,,,,,,,,,,,,,,,,,,,,,,,,,,,,,,,,,,,,,,,,,,,,,,,,,,,,,,,,,,,,,,,,,,,,,,,,,,,,,,,,,,,,,,,,,,,,,,,,,,,,,,,,,,,,,,,,,1.79%,2.92%,-0.23%,4.77%,3.20%,1.62%,0.64%,0.36%,0.28%,5.97%,-2.61%,-2.47%,0.37%,3.15%,3.10%,3.34%,3.29%,2.19%,,1.76%
Jordan ,,,,,,,,,,,,,,,,,,,,,,,,,,,,,,,,,,,,,,,,,,,,,,,,,,,,,,,,,,,,,,,,,,,,,,,,,,,,,,,,,,,,,,,,,,,,,,,,,,,,,,,,,,,,,,,,,,,,,,,,,,,,,,,,,,,,,,,,,,,,,,,,,,,,,,,,,,,,,,,,,,,,,,,,,,,,,,,,,,,,,,-8.43%,9.38%,2.66%,2.43%,3.31%,-1.71%,-0.64%,-0.57%,0.05%,1.05%,2.11%,2.69%,1.27%,5.53%,5.18%,5.17%,6.08%,5.23%,,2.27%
Kuwait ,,,,,,,,,,,,,,,,,,,,,,,,,,,,,,,,,,,,,,,,,,,,,,,,,,,,,,,,,,,,,,,,,,,,,,,,,,,,,,,,,,,,,,,,,,,,,,,,,,,,,,,,,,,,,,,,,,,,,,,,,,,,,,,,,,,,,,,,,,,,,,,,,,,,,,,,,,,,,,,,,,,,,,,,,,,,,,,,,,,,,,28.11%,17.69%,24.89%,3.64%,-3.30%,-7.72%,-3.22%,-5.73%,-5.52%,1.07%,-3.21%,-0.40%,11.93%,6.64%,6.67%,1.50%,-1.07%,2.53%,,4.14%
Lebanon ,,,,,,,,,,,,,,,,,,,,,,,,,,,,,,,,,,,,,,,,,,,,,,,,,,,,,,,,,,,,,,,,,,,,,,,,,,,,,,,,,,,,,,,,,,,,,,,,,,,,,,,,,,,,,,,,,,,,,,,,,,,,,,,,,,,,,,,,,,,,,,,,,,,,,,,,,,,,,,,,,,,,,,,,,,,,,,,,,,,,,,30.91%,3.57%,5.76%,6.53%,4.98%,2.51%,2.51%,1.54%,-2.21%,0.29%,3.02%,1.87%,2.67%,5.81%,1.18%,-0.66%,6.01%,6.98%,,4.63%
Oman,,,,,,,,,,,,,,,,,,,,,,,,,,,,,,,,,,,,,,,,,,,,,,,,,,,,,,,,,,,,,,,,,,,,,,,,,,,,,,,,,,,,,,,,,,,,,,,,,,,,,,,,,,,,,,,,,,,,,,,,,,,,,,,,,,,,,,,,,,,,,,,,,,,,,,,,,,,,,,,,,,,,,,,,,,,,,,,,,,,,,,1.94%,4.33%,2.15%,0.31%,1.25%,-0.62%,2.54%,-0.80%,-3.66%,1.89%,3.78%,-0.86%,-1.41%,1.89%,1.45%,2.53%,4.16%,4.29%,,1.40%
Qatar,,,,,,,,,,,,,,,,,,,,,,,,,,,,,,,,,,,,,,,,,,,,,,,,,,,,,,,,,,,,,,,,,,,,,,,,,,,,,,,,,,,,,,,,,,,,,,,,,,,,,,,,,,,,,,,,,,,,,,,,,,,,,,,,,,,,,,,,,,,,,,,,,,,,,,,,,,,,,,,,,,,,,,,,,,,,,,,,,,,,,,-3.70%,5.76%,-3.55%,-0.74%,-0.01%,1.90%,18.81%,4.58%,0.80%,5.47%,1.15%,-1.73%,1.40%,11.76%,5.32%,11.85%,12.71%,13.99%,,4.76%
Saudi Arabia ,,,,,,,,,,,,,,,,,,,,,,,,,,,,,,,,,,,,,,,,,,,,,,,,,,,,,,,,,,,,,,,,,,,,,,,,,,,,,,,,,,,,,,,,,,,,,,,,,,,,,,,,,,,,,,,,,,,,,,,,,,,,,,,,,,,,,,,,,,,,,,,,,,,,,,,,,,,,,,,,,,,,,,,,,,,,,,,,,,,,,,6.55%,-1.09%,-6.96%,-5.15%,-3.93%,-1.86%,-0.89%,-1.13%,-3.59%,1.86%,-2.39%,-2.66%,4.78%,2.66%,3.07%,0.90%,1.12%,2.30%,,-0.36%
Syria ,,,,,,,,,,,,,,,,,,,,,,,,,,,,,,,,,,,,,,,,,,,,,,,,,,,,,,,,,,,,,,,,,,,,,,,,,,,,,,,,,,,,,,,,,,,,,,,,,,,,,,,,,,,,,,,,,,,,,,,,,,,,,,,,,,,,,,,,,,,,,,,,,,,,,,,,,,,,,,,,,,,,,,,,,,,,,,,,,,,,,,3.59%,4.02%,7.39%,4.76%,3.27%,4.15%,-0.16%,4.71%,-5.75%,-0.32%,1.07%,3.21%,-1.38%,0.34%,2.03%,2.66%,1.84%,2.85%,,2.13%
Turkey ,,,,,,,,,,,,,,,,,,,,,,,,,,,,,,,,,,,,,,,,,,,,,,,,,,,,,,,,,,,,,,,,,,,,,,,,,,,,,,,,,,,,,,,,,,,,,,,,,,,,,,,,,,,,,,,,,,,,,,,,,,,,,,,,,,,,,,,,,,,,,,,,,,,,,,,,,,,,,,,,,,,,,,,,,,,,,,,,,,,,,,-0.99%,3.95%,5.93%,-7.38%,5.20%,5.05%,5.56%,1.35%,-6.45%,5.49%,-9.38%,6.05%,4.16%,7.05%,6.60%,5.23%,3.19%,-0.47%,,2.23%
United Arab Emirates ,,,,,,,,,,,,,,,,,,,,,,,,,,,,,,,,,,,,,,,,,,,,,,,,,,,,,,,,,,,,,,,,,,,,,,,,,,,,,,,,,,,,,,,,,,,,,,,,,,,,,,,,,,,,,,,,,,,,,,,,,,,,,,,,,,,,,,,,,,,,,,,,,,,,,,,,,,,,,,,,,,,,,,,,,,,,,,,,,,,,,,-5.67%,-3.33%,-6.94%,2.22%,1.79%,0.44%,0.97%,-1.42%,-2.24%,6.49%,-3.40%,-2.35%,6.48%,4.64%,3.41%,4.69%,2.02%,3.23%,,0.61%
Yemen ,,,,,,,,,,,,,,,,,,,,,,,,,,,,,,,,,,,,,,,,,,,,,,,,,,,,,,,,,,,,,,,,,,,,,,,,,,,,,,,,,,,,,,,,,,,,,,,,,,,,,,,,,,,,,,,,,,,,,,,,,,,,,,,,,,,,,,,,,,,,,,,,,,,,,,,,,,,,,,,,,,,,,,,,,,,,,,,,,,,,,,-3.39%,1.08%,-0.94%,-1.46%,7.10%,2.60%,4.55%,1.50%,0.40%,2.67%,0.36%,0.44%,0.22%,0.49%,2.00%,-0.30%,-0.21%,0.08%,,0.96%
West Bank and Gaza ,,,,,,,,,,,,,,,,,,,,,,,,,,,,,,,,,,,,,,,,,,,,,,,,,,,,,,,,,,,,,,,,,,,,,,,,,,,,,,,,,,,,,,,,,,,,,,,,,,,,,,,,,,,,,,,,,,,,,,,,,,,,,,,,,,,,,,,,,,,,,,,,,,,,,,,,,,,,,,,,,,,,,,,,,,,,,,,,,,,,,,4.68%,4.87%,4.75%,5.37%,5.03%,6.08%,5.57%,5.21%,4.93%,-3.98%,-25.81%,-25.81%,-17.35%,-3.51%,-3.79%,-3.14%,-3.12%,-3.12%,,-2.40%
Total 15 West Asian countries ,,,,,,,,,,,,,,,,,,,,,,,,,,,,,,,,,,,,,,,,,,,,,,,,,,,,,,,,,,,,,,,,,,,,,,,,,,,,,,,,,,,,,,,,,,,,,,,,,,,,,,,,,,,,,,,,,,,,,,,,,,,,,,,,,,,,,,,,,,,,,,,,,,,,,,,,,,,,,,,,,,,,,,,,,,,,,,,,,,,,,,-0.11%,3.77%,2.59%,-1.48%,2.47%,3.20%,2.88%,1.23%,-2.79%,3.92%,-2.80%,2.46%,-3.84%,11.37%,4.18%,3.85%,3.45%,1.40%,,1.99%
Total Asia ,,,,,,,,,,,,,,,,,,,,,,,,,,,,,,,,,,,,,,,,,,,,,,,,,,,,,,,,,,,,,,,,,,,,,,,,,,,,,,,,,,,,,,,,,,,,,,,,,,,,,,,,,,,,,,,,,,,,,,,,,,,,,,,,,,,,,,,,,,,,,,,,,,,,,,,,,,,,,,,,,,,,,,,,,,,,,,,,,,,,,,2.70%,4.00%,3.67%,3.90%,6.16%,2.94%,2.59%,-2.01%,2.46%,4.68%,3.36%,4.82%,6.29%,6.02%,5.00%,5.69%,4.17%,3.68%,,3.90%
57 African countries ,,,,,,,,,,,,,,,,,,,,,,,,,,,,,,,,,,,,,,,,,,,,,,,,,,,,,,,,,,,,,,,,,,,,,,,,,,,,,,,,,,,,,,,,,,,,,,,,,,,,,,,,,,,,,,,,,,,,,,,,,,,,,,,,,,,,,,,,,,,,,,,,,,,,,,,,,,,,,,,,,,,,,,,,,,,,,,,,,,,,,,,,,,,,,,,,,,,,,,,,,
Algeria ,,,,,,,,,,,,,,,,,,,,,,,,,,,,,,,,,,,,,,,,,,,,,,,,,,,,,,,,,,,,,,,,,,,,,,,,,,,,,,,,,,,,,,,,,,,,,,,,,,,,,,,,,,,,,,,,,,,,,,,,,,,,,,,,,,,,,,,,,,,,,,,,,,,,,,,,,,,,,,,,,,,,,,,,,,,,,,,,,,,,,,-3.56%,-0.76%,-4.55%,-3.13%,1.69%,1.91%,-0.57%,3.43%,1.66%,0.98%,1.11%,2.51%,5.31%,3.76%,3.73%,0.76%,1.74%,1.74%,,0.99%
Angola,,,,,,,,,,,,,,,,,,,,,,,,,,,,,,,,,,,,,,,,,,,,,,,,,,,,,,,,,,,,,,,,,,,,,,,,,,,,,,,,,,,,,,,,,,,,,,,,,,,,,,,,,,,,,,,,,,,,,,,,,,,,,,,,,,,,,,,,,,,,,,,,,,,,,,,,,,,,,,,,,,,,,,,,,,,,,,,,,,,,,,-1.69%,-3.84%,-34.01%,-0.96%,7.22%,8.20%,5.50%,4.73%,1.51%,1.37%,1.52%,11.36%,0.62%,7.64%,16.00%,14.64%,16.25%,10.24%,,3.68%
Benin ,,,,,,,,,,,,,,,,,,,,,,,,,,,,,,,,,,,,,,,,,,,,,,,,,,,,,,,,,,,,,,,,,,,,,,,,,,,,,,,,,,,,,,,,,,,,,,,,,,,,,,,,,,,,,,,,,,,,,,,,,,,,,,,,,,,,,,,,,,,,,,,,,,,,,,,,,,,,,,,,,,,,,,,,,,,,,,,,,,,,,,1.46%,0.78%,-1.24%,-0.12%,1.65%,2.33%,2.40%,1.27%,1.37%,2.38%,1.61%,2.59%,0.63%,-0.09%,-0.42%,0.51%,1.48%,1.85%,,1.13%
Botswana,,,,,,,,,,,,,,,,,,,,,,,,,,,,,,,,,,,,,,,,,,,,,,,,,,,,,,,,,,,,,,,,,,,,,,,,,,,,,,,,,,,,,,,,,,,,,,,,,,,,,,,,,,,,,,,,,,,,,,,,,,,,,,,,,,,,,,,,,,,,,,,,,,,,,,,,,,,,,,,,,,,,,,,,,,,,,,,,,,,,,,1.69%,-0.19%,-1.28%,0.30%,1.38%,2.66%,3.74%,3.15%,3.72%,6.03%,3.05%,3.00%,2.07%,1.34%,-0.18%,3.05%,2.33%,0.86%,,2.04%
Burkina Faso,,,,,,,,,,,,,,,,,,,,,,,,,,,,,,,,,,,,,,,,,,,,,,,,,,,,,,,,,,,,,,,,,,,,,,,,,,,,,,,,,,,,,,,,,,,,,,,,,,,,,,,,,,,,,,,,,,,,,,,,,,,,,,,,,,,,,,,,,,,,,,,,,,,,,,,,,,,,,,,,,,,,,,,,,,,,,,,,,,,,,,6.22%,-0.86%,-4.14%,-2.14%,0.99%,4.07%,1.58%,3.13%,2.91%,-0.99%,2.66%,0.64%,3.95%,1.39%,3.75%,2.24%,0.42%,1.77%,,1.53%
Burundi,,,,,,,,,,,,,,,,,,,,,,,,,,,,,,,,,,,,,,,,,,,,,,,,,,,,,,,,,,,,,,,,,,,,,,,,,,,,,,,,,,,,,,,,,,,,,,,,,,,,,,,,,,,,,,,,,,,,,,,,,,,,,,,,,,,,,,,,,,,,,,,,,,,,,,,,,,,,,,,,,,,,,,,,,,,,,,,,,,,,,,2.52%,-2.32%,-3.00%,-4.65%,-14.30%,-9.15%,0.06%,2.26%,-3.94%,-2.59%,-0.74%,1.33%,-4.41%,1.08%,-2.74%,1.25%,-0.10%,0.88%,,-2.14%
Cameroon ,,,,,,,,,,,,,,,,,,,,,,,,,,,,,,,,,,,,,,,,,,,,,,,,,,,,,,,,,,,,,,,,,,,,,,,,,,,,,,,,,,,,,,,,,,,,,,,,,,,,,,,,,,,,,,,,,,,,,,,,,,,,,,,,,,,,,,,,,,,,,,,,,,,,,,,,,,,,,,,,,,,,,,,,,,,,,,,,,,,,,,-6.74%,-5.93%,-5.96%,-5.16%,0.73%,2.39%,2.53%,2.47%,1.94%,1.78%,2.82%,3.86%,1.50%,1.33%,0.00%,0.88%,0.99%,0.63%,,0.00%
Cape Verde ,,,,,,,,,,,,,,,,,,,,,,,,,,,,,,,,,,,,,,,,,,,,,,,,,,,,,,,,,,,,,,,,,,,,,,,,,,,,,,,,,,,,,,,,,,,,,,,,,,,,,,,,,,,,,,,,,,,,,,,,,,,,,,,,,,,,,,,,,,,,,,,,,,,,,,,,,,,,,,,,,,,,,,,,,,,,,,,,,,,,,,-3.91%,-3.64%,3.43%,4.81%,6.04%,5.05%,6.15%,5.88%,7.15%,5.48%,4.89%,4.00%,3.71%,3.46%,5.54%,9.61%,6.89%,5.11%,,4.42%
Central African Republic ,,,,,,,,,,,,,,,,,,,,,,,,,,,,,,,,,,,,,,,,,,,,,,,,,,,,,,,,,,,,,,,,,,,,,,,,,,,,,,,,,,,,,,,,,,,,,,,,,,,,,,,,,,,,,,,,,,,,,,,,,,,,,,,,,,,,,,,,,,,,,,,,,,,,,,,,,,,,,,,,,,,,,,,,,,,,,,,,,,,,,,-3.47%,-9.48%,-2.73%,3.52%,2.87%,-9.91%,5.21%,1.59%,1.47%,-0.19%,-1.15%,-1.99%,-9.50%,-0.11%,0.81%,2.16%,2.09%,0.65%,,-1.01%
Chad ,,,,,,,,,,,,,,,,,,,,,,,,,,,,,,,,,,,,,,,,,,,,,,,,,,,,,,,,,,,,,,,,,,,,,,,,,,,,,,,,,,,,,,,,,,,,,,,,,,,,,,,,,,,,,,,,,,,,,,,,,,,,,,,,,,,,,,,,,,,,,,,,,,,,,,,,,,,,,,,,,,,,,,,,,,,,,,,,,,,,,,6.75%,-1.45%,-3.65%,3.52%,-3.71%,-1.03%,1.16%,4.47%,-0.73%,-2.00%,6.50%,6.35%,10.11%,25.03%,4.32%,-2.40%,-2.23%,-2.45%,,2.70%
Comoro Islands ,,,,,,,,,,,,,,,,,,,,,,,,,,,,,,,,,,,,,,,,,,,,,,,,,,,,,,,,,,,,,,,,,,,,,,,,,,,,,,,,,,,,,,,,,,,,,,,,,,,,,,,,,,,,,,,,,,,,,,,,,,,,,,,,,,,,,,,,,,,,,,,,,,,,,,,,,,,,,,,,,,,,,,,,,,,,,,,,,,,,,,-8.40%,5.26%,0.01%,-8.42%,5.34%,-4.29%,1.30%,-2.14%,-0.96%,-4.23%,-0.68%,-0.71%,-0.46%,1.12%,1.24%,-1.88%,-2.35%,-1.82%,,-1.23%
Congo 'Brazzaville',,,,,,,,,,,,,,,,,,,,,,,,,,,,,,,,,,,,,,,,,,,,,,,,,,,,,,,,,,,,,,,,,,,,,,,,,,,,,,,,,,,,,,,,,,,,,,,,,,,,,,,,,,,,,,,,,,,,,,,,,,,,,,,,,,,,,,,,,,,,,,,,,,,,,,,,,,,,,,,,,,,,,,,,,,,,,,,,,,,,,,-0.73%,-0.51%,-4.21%,-8.89%,0.88%,1.19%,-3.18%,0.91%,-6.20%,3.54%,-0.75%,2.51%,-1.69%,0.86%,4.69%,3.27%,-4.22%,2.78%,,-0.54%
Côte d'Ivoire,,,,,,,,,,,,,,,,,,,,,,,,,,,,,,,,,,,,,,,,,,,,,,,,,,,,,,,,,,,,,,,,,,,,,,,,,,,,,,,,,,,,,,,,,,,,,,,,,,,,,,,,,,,,,,,,,,,,,,,,,,,,,,,,,,,,,,,,,,,,,,,,,,,,,,,,,,,,,,,,,,,,,,,,,,,,,,,,,,,,,,-4.30%,-3.09%,-3.41%,-1.70%,3.67%,4.53%,2.93%,2.43%,-0.95%,-4.89%,-2.39%,-3.66%,-3.84%,-0.80%,-0.34%,-1.43%,-0.56%,0.10%,,-0.98%
Djibouti,,,,,,,,,,,,,,,,,,,,,,,,,,,,,,,,,,,,,,,,,,,,,,,,,,,,,,,,,,,,,,,,,,,,,,,,,,,,,,,,,,,,,,,,,,,,,,,,,,,,,,,,,,,,,,,,,,,,,,,,,,,,,,,,,,,,,,,,,,,,,,,,,,,,,,,,,,,,,,,,,,,,,,,,,,,,,,,,,,,,,,-1.97%,-2.55%,-6.32%,-3.29%,-5.10%,-6.28%,-1.68%,-1.02%,1.34%,-0.37%,0.28%,0.47%,1.22%,0.57%,1.09%,2.62%,2.95%,3.71%,,-0.80%
Egypt ,,,,,,,,,,,,,,,,,,,,,,,,,,,,,,,,,,,,,,,,,,,,,,,,,,,,,,,,,,,,,,,,,,,,,,,,,,,,,,,,,,,,,,,,,,,,,,,,,,,,,,,,,,,,,,,,,,,,,,,,,,,,,,,,,,,,,,,,,,,,,,,,,,,,,,,,,,,,,,,,,,,,,,,,,,,,,,,,,,,,,,-5.77%,1.09%,-0.54%,1.76%,2.40%,2.70%,3.16%,3.38%,3.77%,3.21%,1.45%,1.20%,1.24%,2.16%,2.59%,4.80%,5.12%,5.25%,,2.17%
Equatorial Guinea ,,,,,,,,,,,,,,,,,,,,,,,,,,,,,,,,,,,,,,,,,,,,,,,,,,,,,,,,,,,,,,,,,,,,,,,,,,,,,,,,,,,,,,,,,,,,,,,,,,,,,,,,,,,,,,,,,,,,,,,,,,,,,,,,,,,,,,,,,,,,,,,,,,,,,,,,,,,,,,,,,,,,,,,,,,,,,,,,,,,,,,1.85%,7.48%,3.33%,2.16%,10.48%,22.73%,50.97%,17.02%,31.80%,12.04%,31.11%,6.26%,13.95%,24.69%,6.43%,-1.51%,16.62%,7.96%,,14.74%
Eritrea and Ethiopia ,,,,,,,,,,,,,,,,,,,,,,,,,,,,,,,,,,,,,,,,,,,,,,,,,,,,,,,,,,,,,,,,,,,,,,,,,,,,,,,,,,,,,,,,,,,,,,,,,,,,,,,,,,,,,,,,,,,,,,,,,,,,,,,,,,,,,,,,,,,,,,,,,,,,,,,,,,,,,,,,,,,,,,,,,,,,,,,,,,,,,,-8.00%,-8.12%,10.28%,-0.85%,3.10%,7.06%,1.81%,-4.25%,2.90%,2.29%,4.39%,-1.53%,-6.82%,9.06%,8.15%,7.10%,7.26%,7.37%,,2.29%
Gabon,,,,,,,,,,,,,,,,,,,,,,,,,,,,,,,,,,,,,,,,,,,,,,,,,,,,,,,,,,,,,,,,,,,,,,,,,,,,,,,,,,,,,,,,,,,,,,,,,,,,,,,,,,,,,,,,,,,,,,,,,,,,,,,,,,,,,,,,,,,,,,,,,,,,,,,,,,,,,,,,,,,,,,,,,,,,,,,,,,,,,,3.57%,-6.02%,-0.31%,0.95%,2.20%,0.89%,2.92%,0.81%,-21.86%,-5.27%,-0.63%,-2.43%,0.12%,-1.26%,0.69%,-0.99%,3.37%,0.27%,,-1.28%
Gambia ,,,,,,,,,,,,,,,,,,,,,,,,,,,,,,,,,,,,,,,,,,,,,,,,,,,,,,,,,,,,,,,,,,,,,,,,,,,,,,,,,,,,,,,,,,,,,,,,,,,,,,,,,,,,,,,,,,,,,,,,,,,,,,,,,,,,,,,,,,,,,,,,,,,,,,,,,,,,,,,,,,,,,,,,,,,,,,,,,,,,,,-1.67%,0.44%,2.05%,-0.10%,-7.26%,2.31%,1.21%,-0.01%,2.84%,2.16%,2.42%,-6.36%,3.42%,3.93%,2.03%,3.43%,3.29%,3.17%,,0.96%
Ghana,,,,,,,,,,,,,,,,,,,,,,,,,,,,,,,,,,,,,,,,,,,,,,,,,,,,,,,,,,,,,,,,,,,,,,,,,,,,,,,,,,,,,,,,,,,,,,,,,,,,,,,,,,,,,,,,,,,,,,,,,,,,,,,,,,,,,,,,,,,,,,,,,,,,,,,,,,,,,,,,,,,,,,,,,,,,,,,,,,,,,,2.34%,1.05%,1.79%,0.34%,1.63%,2.37%,2.01%,2.41%,2.11%,1.42%,1.90%,2.14%,2.80%,3.29%,3.65%,4.17%,3.55%,5.09%,,2.45%
Guinea ,,,,,,,,,,,,,,,,,,,,,,,,,,,,,,,,,,,,,,,,,,,,,,,,,,,,,,,,,,,,,,,,,,,,,,,,,,,,,,,,,,,,,,,,,,,,,,,,,,,,,,,,,,,,,,,,,,,,,,,,,,,,,,,,,,,,,,,,,,,,,,,,,,,,,,,,,,,,,,,,,,,,,,,,,,,,,,,,,,,,,,-4.48%,-0.28%,2.05%,0.82%,1.35%,1.60%,3.72%,3.22%,1.42%,-0.31%,3.12%,1.01%,-1.53%,0.23%,0.95%,0.38%,-0.57%,2.34%,,0.84%
Guinea Bissau ,,,,,,,,,,,,,,,,,,,,,,,,,,,,,,,,,,,,,,,,,,,,,,,,,,,,,,,,,,,,,,,,,,,,,,,,,,,,,,,,,,,,,,,,,,,,,,,,,,,,,,,,,,,,,,,,,,,,,,,,,,,,,,,,,,,,,,,,,,,,,,,,,,,,,,,,,,,,,,,,,,,,,,,,,,,,,,,,,,,,,,2.57%,-1.88%,-1.06%,0.24%,1.93%,2.43%,3.06%,-35.40%,5.48%,6.77%,-2.02%,-7.33%,-2.60%,0.20%,1.45%,-1.31%,0.54%,1.25%,,-1.43%
Kenya,,,,,,,,,,,,,,,,,,,,,,,,,,,,,,,,,,,,,,,,,,,,,,,,,,,,,,,,,,,,,,,,,,,,,,,,,,,,,,,,,,,,,,,,,,,,,,,,,,,,,,,,,,,,,,,,,,,,,,,,,,,,,,,,,,,,,,,,,,,,,,,,,,,,,,,,,,,,,,,,,,,,,,,,,,,,,,,,,,,,,,-1.84%,-4.46%,-2.74%,0.23%,1.80%,1.69%,-0.30%,-0.72%,-0.99%,-2.46%,-1.46%,-1.61%,0.04%,1.73%,2.99%,3.44%,4.05%,-1.09%,,-0.09%
Lesotho,,,,,,,,,,,,,,,,,,,,,,,,,,,,,,,,,,,,,,,,,,,,,,,,,,,,,,,,,,,,,,,,,,,,,,,,,,,,,,,,,,,,,,,,,,,,,,,,,,,,,,,,,,,,,,,,,,,,,,,,,,,,,,,,,,,,,,,,,,,,,,,,,,,,,,,,,,,,,,,,,,,,,,,,,,,,,,,,,,,,,,1.67%,2.25%,1.44%,-2.50%,9.87%,7.21%,2.96%,-4.53%,1.04%,2.40%,2.39%,3.77%,2.24%,3.81%,0.50%,7.61%,4.80%,3.32%,,2.79%
Liberia,,,,,,,,,,,,,,,,,,,,,,,,,,,,,,,,,,,,,,,,,,,,,,,,,,,,,,,,,,,,,,,,,,,,,,,,,,,,,,,,,,,,,,,,,,,,,,,,,,,,,,,,,,,,,,,,,,,,,,,,,,,,,,,,,,,,,,,,,,,,,,,,,,,,,,,,,,,,,,,,,,,,,,,,,,,,,,,,,,,,,,16.86%,-3.41%,-1.66%,2.95%,2.64%,-0.57%,-7.77%,-9.97%,-4.00%,-1.97%,-0.69%,2.96%,-37.36%,2.66%,1.93%,2.73%,4.09%,2.60%,,-1.55%
Libya ,,,,,,,,,,,,,,,,,,,,,,,,,,,,,,,,,,,,,,,,,,,,,,,,,,,,,,,,,,,,,,,,,,,,,,,,,,,,,,,,,,,,,,,,,,,,,,,,,,,,,,,,,,,,,,,,,,,,,,,,,,,,,,,,,,,,,,,,,,,,,,,,,,,,,,,,,,,,,,,,,,,,,,,,,,,,,,,,,,,,,,-8.87%,-6.90%,-7.22%,-3.72%,-1.79%,2.56%,3.52%,-6.06%,-1.32%,0.94%,3.31%,-1.03%,3.33%,2.49%,7.45%,4.17%,4.95%,1.11%,,-0.17%
Madagascar,,,,,,,,,,,,,,,,,,,,,,,,,,,,,,,,,,,,,,,,,,,,,,,,,,,,,,,,,,,,,,,,,,,,,,,,,,,,,,,,,,,,,,,,,,,,,,,,,,,,,,,,,,,,,,,,,,,,,,,,,,,,,,,,,,,,,,,,,,,,,,,,,,,,,,,,,,,,,,,,,,,,,,,,,,,,,,,,,,,,,,-9.52%,-1.83%,-0.95%,-3.03%,-1.34%,-0.96%,0.62%,0.80%,1.57%,1.65%,2.79%,-16.61%,6.33%,2.14%,1.48%,1.86%,3.01%,3.85%,,-0.45%
Malawi,,,,,,,,,,,,,,,,,,,,,,,,,,,,,,,,,,,,,,,,,,,,,,,,,,,,,,,,,,,,,,,,,,,,,,,,,,,,,,,,,,,,,,,,,,,,,,,,,,,,,,,,,,,,,,,,,,,,,,,,,,,,,,,,,,,,,,,,,,,,,,,,,,,,,,,,,,,,,,,,,,,,,,,,,,,,,,,,,,,,,,4.40%,-11.28%,7.51%,-9.15%,16.15%,4.78%,1.12%,0.70%,1.46%,1.24%,-6.53%,-0.22%,1.54%,2.59%,0.92%,4.14%,5.87%,6.87%,,1.78%
Mali,,,,,,,,,,,,,,,,,,,,,,,,,,,,,,,,,,,,,,,,,,,,,,,,,,,,,,,,,,,,,,,,,,,,,,,,,,,,,,,,,,,,,,,,,,,,,,,,,,,,,,,,,,,,,,,,,,,,,,,,,,,,,,,,,,,,,,,,,,,,,,,,,,,,,,,,,,,,,,,,,,,,,,,,,,,,,,,,,,,,,,-2.90%,6.03%,-4.50%,0.47%,4.61%,2.01%,4.25%,2.50%,4.17%,1.27%,9.01%,1.76%,4.47%,-0.15%,3.35%,2.55%,1.55%,2.27%,,2.37%
Mauritania ,,,,,,,,,,,,,,,,,,,,,,,,,,,,,,,,,,,,,,,,,,,,,,,,,,,,,,,,,,,,,,,,,,,,,,,,,,,,,,,,,,,,,,,,,,,,,,,,,,,,,,,,,,,,,,,,,,,,,,,,,,,,,,,,,,,,,,,,,,,,,,,,,,,,,,,,,,,,,,,,,,,,,,,,,,,,,,,,,,,,,,0.08%,-1.77%,1.68%,1.52%,2.16%,3.77%,1.20%,1.14%,1.38%,2.32%,1.73%,1.47%,2.92%,2.56%,2.77%,8.31%,-1.45%,-0.27%,,1.75%
Mauritius ,,,,,,,,,,,,,,,,,,,,,,,,,,,,,,,,,,,,,,,,,,,,,,,,,,,,,,,,,,,,,,,,,,,,,,,,,,,,,,,,,,,,,,,,,,,,,,,,,,,,,,,,,,,,,,,,,,,,,,,,,,,,,,,,,,,,,,,,,,,,,,,,,,,,,,,,,,,,,,,,,,,,,,,,,,,,,,,,,,,,,,5.25%,3.47%,5.22%,3.16%,2.38%,3.99%,4.69%,4.76%,4.09%,1.49%,5.86%,2.37%,5.75%,3.69%,2.48%,2.59%,3.28%,5.58%,,3.89%
Morocco ,,,,,,,,,,,,,,,,,,,,,,,,,,,,,,,,,,,,,,,,,,,,,,,,,,,,,,,,,,,,,,,,,,,,,,,,,,,,,,,,,,,,,,,,,,,,,,,,,,,,,,,,,,,,,,,,,,,,,,,,,,,,,,,,,,,,,,,,,,,,,,,,,,,,,,,,,,,,,,,,,,,,,,,,,,,,,,,,,,,,,,4.44%,-6.26%,-3.13%,7.83%,-8.84%,9.55%,-4.27%,5.69%,-1.91%,-0.76%,4.39%,1.46%,4.26%,4.25%,1.37%,5.95%,0.75%,4.30%,,1.62%
Mozambique,,,,,,,,,,,,,,,,,,,,,,,,,,,,,,,,,,,,,,,,,,,,,,,,,,,,,,,,,,,,,,,,,,,,,,,,,,,,,,,,,,,,,,,,,,,,,,,,,,,,,,,,,,,,,,,,,,,,,,,,,,,,,,,,,,,,,,,,,,,,,,,,,,,,,,,,,,,,,,,,,,,,,,,,,,,,,,,,,,,,,,2.69%,-10.32%,4.54%,-0.42%,-2.23%,3.53%,7.74%,9.15%,4.62%,-0.91%,9.85%,4.90%,5.50%,5.24%,6.16%,6.49%,4.95%,4.78%,,3.68%
Namibia ,,,,,,,,,,,,,,,,,,,,,,,,,,,,,,,,,,,,,,,,,,,,,,,,,,,,,,,,,,,,,,,,,,,,,,,,,,,,,,,,,,,,,,,,,,,,,,,,,,,,,,,,,,,,,,,,,,,,,,,,,,,,,,,,,,,,,,,,,,,,,,,,,,,,,,,,,,,,,,,,,,,,,,,,,,,,,,,,,,,,,,2.77%,6.43%,-4.73%,3.90%,1.51%,0.44%,1.71%,1.09%,1.34%,0.85%,-0.01%,1.17%,2.28%,5.23%,1.39%,5.84%,4.39%,1.91%,,2.08%
Niger,,,,,,,,,,,,,,,,,,,,,,,,,,,,,,,,,,,,,,,,,,,,,,,,,,,,,,,,,,,,,,,,,,,,,,,,,,,,,,,,,,,,,,,,,,,,,,,,,,,,,,,,,,,,,,,,,,,,,,,,,,,,,,,,,,,,,,,,,,,,,,,,,,,,,,,,,,,,,,,,,,,,,,,,,,,,,,,,,,,,,,-0.59%,-9.81%,-1.80%,0.68%,-0.82%,-0.13%,-0.62%,6.47%,-4.14%,-5.03%,3.17%,-0.75%,0.68%,-4.53%,4.32%,1.89%,-0.48%,5.36%,,-0.34%
Nigeria,,,,,,,,,,,,,,,,,,,,,,,,,,,,,,,,,,,,,,,,,,,,,,,,,,,,,,,,,,,,,,,,,,,,,,,,,,,,,,,,,,,,,,,,,,,,,,,,,,,,,,,,,,,,,,,,,,,,,,,,,,,,,,,,,,,,,,,,,,,,,,,,,,,,,,,,,,,,,,,,,,,,,,,,,,,,,,,,,,,,,,3.28%,0.04%,-0.33%,-3.10%,0.13%,3.78%,0.47%,-0.57%,-1.33%,1.90%,0.78%,-0.75%,7.97%,3.67%,3.13%,3.93%,4.71%,3.79%,,1.75%
Rwanda,,,,,,,,,,,,,,,,,,,,,,,,,,,,,,,,,,,,,,,,,,,,,,,,,,,,,,,,,,,,,,,,,,,,,,,,,,,,,,,,,,,,,,,,,,,,,,,,,,,,,,,,,,,,,,,,,,,,,,,,,,,,,,,,,,,,,,,,,,,,,,,,,,,,,,,,,,,,,,,,,,,,,,,,,,,,,,,,,,,,,,-6.38%,4.32%,-12.56%,-50.90%,43.87%,-5.64%,-2.28%,3.68%,5.27%,3.93%,4.23%,6.43%,-1.50%,1.35%,4.25%,4.31%,4.85%,7.85%,,0.84%
São Tomé and Principe ,,,,,,,,,,,,,,,,,,,,,,,,,,,,,,,,,,,,,,,,,,,,,,,,,,,,,,,,,,,,,,,,,,,,,,,,,,,,,,,,,,,,,,,,,,,,,,,,,,,,,,,,,,,,,,,,,,,,,,,,,,,,,,,,,,,,,,,,,,,,,,,,,,,,,,,,,,,,,,,,,,,,,,,,,,,,,,,,,,,,,,-2.60%,-2.07%,-1.57%,-0.51%,-1.21%,-1.31%,-1.95%,-0.91%,-0.47%,-0.05%,0.82%,1.59%,3.14%,2.77%,2.44%,3.27%,2.55%,2.59%,,0.36%
Senegal ,,,,,,,,,,,,,,,,,,,,,,,,,,,,,,,,,,,,,,,,,,,,,,,,,,,,,,,,,,,,,,,,,,,,,,,,,,,,,,,,,,,,,,,,,,,,,,,,,,,,,,,,,,,,,,,,,,,,,,,,,,,,,,,,,,,,,,,,,,,,,,,,,,,,,,,,,,,,,,,,,,,,,,,,,,,,,,,,,,,,,,-3.58%,-0.90%,-5.18%,-0.06%,2.15%,2.07%,2.07%,2.69%,2.30%,3.04%,1.81%,-1.68%,3.61%,2.82%,2.65%,-0.42%,1.82%,-0.28%,,0.83%
Seychelles,,,,,,,,,,,,,,,,,,,,,,,,,,,,,,,,,,,,,,,,,,,,,,,,,,,,,,,,,,,,,,,,,,,,,,,,,,,,,,,,,,,,,,,,,,,,,,,,,,,,,,,,,,,,,,,,,,,,,,,,,,,,,,,,,,,,,,,,,,,,,,,,,,,,,,,,,,,,,,,,,,,,,,,,,,,,,,,,,,,,,,1.47%,5.49%,5.18%,-3.45%,-0.59%,8.49%,10.53%,4.63%,-4.20%,-6.70%,-3.48%,0.03%,-7.12%,-4.14%,4.45%,1.18%,3.50%,1.45%,,0.93%
Sierra Leone,,,,,,,,,,,,,,,,,,,,,,,,,,,,,,,,,,,,,,,,,,,,,,,,,,,,,,,,,,,,,,,,,,,,,,,,,,,,,,,,,,,,,,,,,,,,,,,,,,,,,,,,,,,,,,,,,,,,,,,,,,,,,,,,,,,,,,,,,,,,,,,,,,,,,,,,,,,,,,,,,,,,,,,,,,,,,,,,,,,,,,-10.99%,-8.40%,1.20%,1.16%,-12.16%,-29.79%,-22.46%,-2.87%,-8.99%,1.42%,11.16%,18.96%,3.40%,4.05%,4.53%,2.65%,3.90%,3.06%,,-2.23%
Somalia ,,,,,,,,,,,,,,,,,,,,,,,,,,,,,,,,,,,,,,,,,,,,,,,,,,,,,,,,,,,,,,,,,,,,,,,,,,,,,,,,,,,,,,,,,,,,,,,,,,,,,,,,,,,,,,,,,,,,,,,,,,,,,,,,,,,,,,,,,,,,,,,,,,,,,,,,,,,,,,,,,,,,,,,,,,,,,,,,,,,,,,-7.12%,-10.59%,0.25%,0.29%,0.72%,0.36%,-2.72%,-3.12%,-1.16%,-1.19%,-1.45%,1.50%,1.53%,2.02%,2.04%,2.37%,3.37%,2.96%,,-0.55%
South Africa ,,,,,,,,,,,,,,,,,,,,,,,,,,,,,,,,,,,,,,,,,,,,,,,,,,,,,,,,,,,,,,,,,,,,,,,,,,,,,,,,,,,,,,,,,,,,,,,,,,,,,,,,,,,,,,,,,,,,,,,,,,,,,,,,,,,,,,,,,,,,,,,,,,,,,,,,,,,,,,,,,,,,,,,,,,,,,,,,,,,,,,-3.12%,-4.12%,-0.90%,1.40%,1.70%,2.88%,1.30%,-0.63%,0.80%,2.14%,1.53%,2.44%,2.00%,0.64%,3.77%,4.24%,4.06%,2.20%,,1.24%
Sudan ,,,,,,,,,,,,,,,,,,,,,,,,,,,,,,,,,,,,,,,,,,,,,,,,,,,,,,,,,,,,,,,,,,,,,,,,,,,,,,,,,,,,,,,,,,,,,,,,,,,,,,,,,,,,,,,,,,,,,,,,,,,,,,,,,,,,,,,,,,,,,,,,,,,,,,,,,,,,,,,,,,,,,,,,,,,,,,,,,,,,,,3.39%,1.76%,0.17%,-0.67%,0.30%,2.58%,7.05%,2.94%,4.89%,6.74%,3.41%,3.44%,4.97%,3.61%,4.33%,8.58%,7.65%,4.47%,,3.87%
Swaziland,,,,,,,,,,,,,,,,,,,,,,,,,,,,,,,,,,,,,,,,,,,,,,,,,,,,,,,,,,,,,,,,,,,,,,,,,,,,,,,,,,,,,,,,,,,,,,,,,,,,,,,,,,,,,,,,,,,,,,,,,,,,,,,,,,,,,,,,,,,,,,,,,,,,,,,,,,,,,,,,,,,,,,,,,,,,,,,,,,,,,,-2.07%,-2.59%,0.23%,2.76%,2.98%,1.30%,1.45%,1.12%,1.75%,0.79%,0.63%,2.00%,1.89%,1.87%,2.17%,3.04%,3.71%,2.74%,,1.43%
Tanzania ,,,,,,,,,,,,,,,,,,,,,,,,,,,,,,,,,,,,,,,,,,,,,,,,,,,,,,,,,,,,,,,,,,,,,,,,,,,,,,,,,,,,,,,,,,,,,,,,,,,,,,,,,,,,,,,,,,,,,,,,,,,,,,,,,,,,,,,,,,,,,,,,,,,,,,,,,,,,,,,,,,,,,,,,,,,,,,,,,,,,,,-0.88%,-2.42%,-2.22%,-2.32%,0.28%,2.28%,-3.25%,0.91%,0.79%,2.26%,3.51%,4.62%,3.26%,4.32%,5.00%,4.40%,2.95%,6.87%,,1.69%
Togo,,,,,,,,,,,,,,,,,,,,,,,,,,,,,,,,,,,,,,,,,,,,,,,,,,,,,,,,,,,,,,,,,,,,,,,,,,,,,,,,,,,,,,,,,,,,,,,,,,,,,,,,,,,,,,,,,,,,,,,,,,,,,,,,,,,,,,,,,,,,,,,,,,,,,,,,,,,,,,,,,,,,,,,,,,,,,,,,,,,,,,-4.09%,-7.39%,-17.34%,15.45%,1.09%,4.54%,-8.91%,-5.16%,0.03%,-4.70%,-2.13%,1.67%,2.34%,-0.43%,-1.53%,1.13%,-0.85%,-1.61%,,-1.55%
Tunisia ,,,,,,,,,,,,,,,,,,,,,,,,,,,,,,,,,,,,,,,,,,,,,,,,,,,,,,,,,,,,,,,,,,,,,,,,,,,,,,,,,,,,,,,,,,,,,,,,,,,,,,,,,,,,,,,,,,,,,,,,,,,,,,,,,,,,,,,,,,,,,,,,,,,,,,,,,,,,,,,,,,,,,,,,,,,,,,,,,,,,,,1.93%,5.64%,0.35%,1.42%,0.79%,5.39%,3.88%,3.42%,4.75%,3.49%,3.71%,0.62%,4.40%,4.80%,3.02%,4.17%,5.12%,3.51%,,3.36%
Uganda ,,,,,,,,,,,,,,,,,,,,,,,,,,,,,,,,,,,,,,,,,,,,,,,,,,,,,,,,,,,,,,,,,,,,,,,,,,,,,,,,,,,,,,,,,,,,,,,,,,,,,,,,,,,,,,,,,,,,,,,,,,,,,,,,,,,,,,,,,,,,,,,,,,,,,,,,,,,,,,,,,,,,,,,,,,,,,,,,,,,,,,-2.53%,-0.46%,4.42%,2.64%,8.49%,5.58%,2.14%,1.70%,4.15%,1.79%,1.76%,3.47%,1.01%,1.42%,2.58%,6.75%,4.51%,5.03%,,3.03%
Zaire (Congo Kinshasa),,,,,,,,,,,,,,,,,,,,,,,,,,,,,,,,,,,,,,,,,,,,,,,,,,,,,,,,,,,,,,,,,,,,,,,,,,,,,,,,,,,,,,,,,,,,,,,,,,,,,,,,,,,,,,,,,,,,,,,,,,,,,,,,,,,,,,,,,,,,,,,,,,,,,,,,,,,,,,,,,,,,,,,,,,,,,,,,,,,,,,-12.10%,-14.21%,-17.77%,-7.31%,-3.29%,-2.92%,-6.91%,-3.73%,-7.47%,-9.46%,-5.25%,0.31%,2.63%,3.37%,4.51%,2.35%,2.93%,2.77%,,-3.98%
Zambia ,,,,,,,,,,,,,,,,,,,,,,,,,,,,,,,,,,,,,,,,,,,,,,,,,,,,,,,,,,,,,,,,,,,,,,,,,,,,,,,,,,,,,,,,,,,,,,,,,,,,,,,,,,,,,,,,,,,,,,,,,,,,,,,,,,,,,,,,,,,,,,,,,,,,,,,,,,,,,,,,,,,,,,,,,,,,,,,,,,,,,,-2.90%,-4.50%,3.94%,-16.78%,-4.88%,4.10%,0.97%,-4.20%,-0.04%,1.18%,2.51%,1.40%,3.43%,3.75%,3.77%,4.48%,4.45%,3.98%,,0.26%
Zimbabwe,,,,,,,,,,,,,,,,,,,,,,,,,,,,,,,,,,,,,,,,,,,,,,,,,,,,,,,,,,,,,,,,,,,,,,,,,,,,,,,,,,,,,,,,,,,,,,,,,,,,,,,,,,,,,,,,,,,,,,,,,,,,,,,,,,,,,,,,,,,,,,,,,,,,,,,,,,,,,,,,,,,,,,,,,,,,,,,,,,,,,,2.62%,-12.10%,-1.07%,4.64%,-0.46%,8.49%,1.33%,1.67%,-1.78%,-5.98%,-3.14%,-6.18%,-10.55%,-3.19%,-3.26%,-5.69%,-6.26%,-14.48%,,-3.08%
Total 3 Small African countries,,,,,,,,,,,,,,,,,,,,,,,,,,,,,,,,,,,,,,,,,,,,,,,,,,,,,,,,,,,,,,,,,,,,,,,,,,,,,,,,,,,,,,,,,,,,,,,,,,,,,,,,,,,,,,,,,,,,,,,,,,,,,,,,,,,,,,,,,,,,,,,,,,,,,,,,,,,,,,,,,,,,,,,,,,,,,,,,,,,,,,-2.59%,-3.09%,-1.87%,-0.95%,-0.11%,2.99%,0.20%,0.87%,0.35%,0.43%,1.18%,-0.09%,-0.12%,1.66%,2.07%,1.60%,2.99%,2.71%,,0.46%
Total Africa ,,,,,,,,,,,,,,,,,,,,,,,,,,,,,,,,,,,,,,,,,,,,,,,,,,,,,,,,,,,,,,,,,,,,,,,,,,,,,,,,,,,,,,,,,,,,,,,,,,,,,,,,,,,,,,,,,,,,,,,,,,,,,,,,,,,,,,,,,,,,,,,,,,,,,,,,,,,,,,,,,,,,,,,,,,,,,,,,,,,,,,-1.98%,-2.52%,-1.63%,-0.23%,0.50%,3.08%,1.01%,1.30%,0.88%,1.13%,1.65%,0.78%,2.35%,2.61%,2.88%,3.66%,3.58%,3.20%,,1.24%
,,,,,,,,,,,,,,,,,,,,,,,,,,,,,,,,,,,,,,,,,,,,,,,,,,,,,,,,,,,,,,,,,,,,,,,,,,,,,,,,,,,,,,,,,,,,,,,,,,,,,,,,,,,,,,,,,,,,,,,,,,,,,,,,,,,,,,,,,,,,,,,,,,,,,,,,,,,,,,,,,,,,,,,,,,,,,,,,,,,,,,,,,,,,,,,,,,,,,,,,,
,,,,,,,,,,,,,,,,,,,,,,,,,,,,,,,,,,,,,,,,,,,,,,,,,,,,,,,,,,,,,,,,,,,,,,,,,,,,,,,,,,,,,,,,,,,,,,,,,,,,,,,,,,,,,,,,,,,,,,,,,,,,,,,,,,,,,,,,,,,,,,,,,,,,,,,,,,,,,,,,,,,,,,,,,,,,,,,,,,,,,,,,,,,,,,,,,,,,,,,,,
,,,,,,,,,,,,,,,,,,,,,,,,,,,,,,,,,,,,,,,,,,,,,,,,,,,,,,,,,,,,,,,,,,,,,,,,,,,,,,,,,,,,,,,,,,,,,,,,,,,,,,,,,,,,,,,,,,,,,,,,,,,,,,,,,,,,,,,,,,,,,,,,,,,,,,,,,,,,,,,,,,,,,,,,,,,,,,,,,,,,,,,,,,,,,,,,,,,,,,,,,
World Average,,,,,,,,,,,,,,,,,,,,,,,,,,,,,,,,,,,,,,,,,,,,,,,,,,,,,,,,,,,,,,,,,,,,,,,,,,,,,,,,,,,,,,,,,,,,,,,,,,,,,,,,,,,,,,,,,,,,,,,,,,,,,,,,,,,,,,,,,,,,,,,,,,,,,,,,,,,,,,,,,,,,,,,,,,,,,,,,,,,,,,-0.24%,0.54%,0.67%,1.98%,2.65%,1.92%,2.46%,0.33%,2.16%,3.44%,1.55%,2.10%,3.26%,4.08%,3.24%,3.92%,3.12%,1.94%,,2.17%
