Region,1,,1000,,1500,,1600,,1700,,1820,1821,1822,1823,1824,1825,1826,1827,1828,1829,1830,1831,1832,1833,1834,1835,1836,1837,1838,1839,1840,1841,1842,1843,1844,1845,1846,1847,1848,1849,1850,1851,1852,1853,1854,1855,1856,1857,1858,1859,1860,1861,1862,1863,1864,1865,1866,1867,1868,1869,1870,1871,1872,1873,1874,1875,1876,1877,1878,1879,1880,1881,1882,1883,1884,1885,1886,1887,1888,1889,1890,1891,1892,1893,1894,1895,1896,1897,1898,1899,1900,1901,1902,1903,1904,1905,1906,1907,1908,1909,1910,1911,1912,1913,1914,1915,1916,1917,1918,1919,1920,1921,1922,1923,1924,1925,1926,1927,1928,1929,1930,1931,1932,1933,1934,1935,1936,1937,1938,1939,1940,1941,1942,1943,1944,1945,1946,1947,1948,1949,1950,1951,1952,1953,1954,1955,1956,1957,1958,1959,1960,1961,1962,1963,1964,1965,1966,1967,1968,1969,1970,1971,1972,1973,1974,1975,1976,1977,1978,1979,1980,1981,1982,1983,1984,1985,1986,1987,1988,1989,1990,1991,1992,1993,1994,1995,1996,1997,1998,1999,2000,2001,2002,2003,2004,2005,2006,2007,2008,2009,,
Western Europe ,,,,,,,,,,,,,,,,,,,,,,,,,,,,,,,,,,,,,,,,,,,,,,,,,,,,,,,,,,,,,,,,,,,,,,,,,,,,,,,,,,,,,,,,,,,,,,,,,,,,,,,,,,,,,,,,,,,,,,,,,,,,,,,,,,,,,,,,,,,,,,,,,,,,,,,,,,,,,,,,,,,,,,,,,,,,,,,,,,,,,,,,,,,,,,,,,,,,,,,,,,
Austria ,,,,,,,,,,,,,,,,,,,,,,,,,,,,,,,,,,,,,,,,,,,,,,,,,,,,,,,,,,,,,,,,,,,,,,,,,,,,,,,,,,,,,,,,,,,,,,,,,,,,,,,,,,,,,,,,,,,,,,,,,,,,,,,,,,,,,,,,,,,,,,,,,,,,,,,,,,,,,,,,,,,,,,,,,,,,,,,,,,,,,,1.23%,1.23%,0.93%,0.49%,0.25%,0.17%,0.11%,0.11%,0.19%,0.24%,0.23%,0.20%,0.18%,0.15%,0.12%,0.10%,0.08%,0.07%,0.05%,,0.34%
Belgium ,,,,,,,,,,,,,,,,,,,,,,,,,,,,,,,,,,,,,,,,,,,,,,,,,,,,,,,,,,,,,,,,,,,,,,,,,,,,,,,,,,,,,,,,,,,,,,,,,,,,,,,,,,,,,,,,,,,,,,,,,,,,,,,,,,,,,,,,,,,,,,,,,,,,,,,,,,,,,,,,,,,,,,,,,,,,,,,,,,,,,,0.35%,0.41%,0.40%,0.37%,0.32%,0.23%,0.20%,0.17%,0.18%,0.27%,0.27%,0.20%,0.18%,0.17%,0.16%,0.14%,0.13%,0.11%,0.10%,,0.24%
Denmark ,,,,,,,,,,,,,,,,,,,,,,,,,,,,,,,,,,,,,,,,,,,,,,,,,,,,,,,,,,,,,,,,,,,,,,,,,,,,,,,,,,,,,,,,,,,,,,,,,,,,,,,,,,,,,,,,,,,,,,,,,,,,,,,,,,,,,,,,,,,,,,,,,,,,,,,,,,,,,,,,,,,,,,,,,,,,,,,,,,,,,,0.26%,0.33%,0.33%,0.33%,0.52%,0.56%,0.41%,0.36%,0.33%,0.32%,0.34%,0.35%,0.36%,0.36%,0.35%,0.34%,0.32%,0.30%,0.30%,,0.36%
Finland ,,,,,,,,,,,,,,,,,,,,,,,,,,,,,,,,,,,,,,,,,,,,,,,,,,,,,,,,,,,,,,,,,,,,,,,,,,,,,,,,,,,,,,,,,,,,,,,,,,,,,,,,,,,,,,,,,,,,,,,,,,,,,,,,,,,,,,,,,,,,,,,,,,,,,,,,,,,,,,,,,,,,,,,,,,,,,,,,,,,,,,0.55%,0.54%,0.47%,0.42%,0.37%,0.31%,0.27%,0.24%,0.22%,0.20%,0.23%,0.25%,0.22%,0.19%,0.17%,0.15%,0.14%,0.12%,0.10%,,0.28%
France,,,,,,,,,,,,,,,,,,,,,,,,,,,,,,,,,,,,,,,,,,,,,,,,,,,,,,,,,,,,,,,,,,,,,,,,,,,,,,,,,,,,,,,,,,,,,,,,,,,,,,,,,,,,,,,,,,,,,,,,,,,,,,,,,,,,,,,,,,,,,,,,,,,,,,,,,,,,,,,,,,,,,,,,,,,,,,,,,,,,,,0.59%,0.59%,0.53%,0.47%,0.45%,0.45%,0.45%,0.47%,0.48%,0.51%,0.56%,0.57%,0.55%,0.58%,0.60%,0.60%,0.61%,0.59%,0.56%,,0.54%
Germany ,,,,,,,,,,,,,,,,,,,,,,,,,,,,,,,,,,,,,,,,,,,,,,,,,,,,,,,,,,,,,,,,,,,,,,,,,,,,,,,,,,,,,,,,,,,,,,,,,,,,,,,,,,,,,,,,,,,,,,,,,,,,,,,,,,,,,,,,,,,,,,,,,,,,,,,,,,,,,,,,,,,,,,,,,,,,,,,,,,,,,,0.76%,0.76%,0.66%,0.35%,0.29%,0.29%,0.15%,0.02%,0.06%,0.14%,0.11%,0.09%,0.06%,0.03%,0.01%,-0.01%,-0.03%,-0.04%,-0.05%,,0.21%
Italy ,,,,,,,,,,,,,,,,,,,,,,,,,,,,,,,,,,,,,,,,,,,,,,,,,,,,,,,,,,,,,,,,,,,,,,,,,,,,,,,,,,,,,,,,,,,,,,,,,,,,,,,,,,,,,,,,,,,,,,,,,,,,,,,,,,,,,,,,,,,,,,,,,,,,,,,,,,,,,,,,,,,,,,,,,,,,,,,,,,,,,,0.01%,0.16%,0.33%,0.27%,0.17%,0.16%,0.20%,0.12%,0.09%,0.20%,0.22%,0.14%,0.12%,0.10%,0.08%,0.05%,0.02%,0.00%,-0.03%,,0.14%
Netherlands ,,,,,,,,,,,,,,,,,,,,,,,,,,,,,,,,,,,,,,,,,,,,,,,,,,,,,,,,,,,,,,,,,,,,,,,,,,,,,,,,,,,,,,,,,,,,,,,,,,,,,,,,,,,,,,,,,,,,,,,,,,,,,,,,,,,,,,,,,,,,,,,,,,,,,,,,,,,,,,,,,,,,,,,,,,,,,,,,,,,,,,0.76%,0.71%,0.66%,0.70%,0.50%,0.44%,0.49%,0.61%,0.65%,0.67%,0.69%,0.66%,0.62%,0.58%,0.55%,0.51%,0.48%,0.45%,0.42%,,0.60%
Norway ,,,,,,,,,,,,,,,,,,,,,,,,,,,,,,,,,,,,,,,,,,,,,,,,,,,,,,,,,,,,,,,,,,,,,,,,,,,,,,,,,,,,,,,,,,,,,,,,,,,,,,,,,,,,,,,,,,,,,,,,,,,,,,,,,,,,,,,,,,,,,,,,,,,,,,,,,,,,,,,,,,,,,,,,,,,,,,,,,,,,,,0.46%,0.58%,0.60%,0.57%,0.52%,0.51%,0.56%,0.61%,0.69%,0.65%,0.51%,0.45%,0.44%,0.42%,0.40%,0.39%,0.37%,0.36%,0.36%,,0.50%
Sweden ,,,,,,,,,,,,,,,,,,,,,,,,,,,,,,,,,,,,,,,,,,,,,,,,,,,,,,,,,,,,,,,,,,,,,,,,,,,,,,,,,,,,,,,,,,,,,,,,,,,,,,,,,,,,,,,,,,,,,,,,,,,,,,,,,,,,,,,,,,,,,,,,,,,,,,,,,,,,,,,,,,,,,,,,,,,,,,,,,,,,,,0.68%,0.59%,0.59%,0.71%,0.52%,0.16%,0.06%,0.06%,0.08%,0.16%,0.76%,0.16%,0.18%,0.18%,0.18%,0.17%,0.16%,0.15%,0.17%,,0.31%
Switzerland ,,,,,,,,,,,,,,,,,,,,,,,,,,,,,,,,,,,,,,,,,,,,,,,,,,,,,,,,,,,,,,,,,,,,,,,,,,,,,,,,,,,,,,,,,,,,,,,,,,,,,,,,,,,,,,,,,,,,,,,,,,,,,,,,,,,,,,,,,,,,,,,,,,,,,,,,,,,,,,,,,,,,,,,,,,,,,,,,,,,,,,1.22%,1.08%,0.89%,0.79%,0.60%,0.33%,0.18%,0.20%,0.34%,0.47%,0.61%,0.69%,0.63%,0.57%,0.52%,0.46%,0.41%,0.35%,0.30%,,0.57%
United Kingdom ,,,,,,,,,,,,,,,,,,,,,,,,,,,,,,,,,,,,,,,,,,,,,,,,,,,,,,,,,,,,,,,,,,,,,,,,,,,,,,,,,,,,,,,,,,,,,,,,,,,,,,,,,,,,,,,,,,,,,,,,,,,,,,,,,,,,,,,,,,,,,,,,,,,,,,,,,,,,,,,,,,,,,,,,,,,,,,,,,,,,,,0.30%,0.35%,0.28%,0.32%,0.37%,0.33%,0.32%,0.39%,0.44%,0.39%,0.34%,0.32%,0.30%,0.29%,0.28%,0.28%,0.28%,0.28%,0.28%,,0.32%
Total 12 Western Europe ,,,,,,,,,,,,,,,,,,,,,,,,,,,,,,,,,,,,,,,,,,,,,,,,,,,,,,,,,,,,,,,,,,,,,,,,,,,,,,,,,,,,,,,,,,,,,,,,,,,,,,,,,,,,,,,,,,,,,,,,,,,,,,,,,,,,,,,,,,,,,,,,,,,,,,,,,,,,,,,,,,,,,,,,,,,,,,,,,,,,,,0.50%,0.53%,0.50%,0.39%,0.34%,0.31%,0.27%,0.24%,0.27%,0.32%,0.33%,0.29%,0.27%,0.26%,0.25%,0.23%,0.22%,0.21%,0.19%,,0.32%
Ireland ,,,,,,,,,,,,,,,,,,,,,,,,,,,,,,,,,,,,,,,,,,,,,,,,,,,,,,,,,,,,,,,,,,,,,,,,,,,,,,,,,,,,,,,,,,,,,,,,,,,,,,,,,,,,,,,,,,,,,,,,,,,,,,,,,,,,,,,,,,,,,,,,,,,,,,,,,,,,,,,,,,,,,,,,,,,,,,,,,,,,,,0.64%,0.76%,0.58%,0.48%,0.51%,0.61%,0.85%,1.09%,1.14%,1.10%,1.14%,1.14%,1.15%,1.15%,1.16%,1.15%,1.15%,1.14%,1.12%,,0.94%
Greece ,,,,,,,,,,,,,,,,,,,,,,,,,,,,,,,,,,,,,,,,,,,,,,,,,,,,,,,,,,,,,,,,,,,,,,,,,,,,,,,,,,,,,,,,,,,,,,,,,,,,,,,,,,,,,,,,,,,,,,,,,,,,,,,,,,,,,,,,,,,,,,,,,,,,,,,,,,,,,,,,,,,,,,,,,,,,,,,,,,,,,,1.19%,0.72%,0.56%,0.45%,0.27%,0.21%,0.22%,0.17%,0.16%,0.21%,0.21%,0.21%,0.21%,0.20%,0.20%,0.18%,0.17%,0.15%,0.13%,,0.32%
Portugal ,,,,,,,,,,,,,,,,,,,,,,,,,,,,,,,,,,,,,,,,,,,,,,,,,,,,,,,,,,,,,,,,,,,,,,,,,,,,,,,,,,,,,,,,,,,,,,,,,,,,,,,,,,,,,,,,,,,,,,,,,,,,,,,,,,,,,,,,,,,,,,,,,,,,,,,,,,,,,,,,,,,,,,,,,,,,,,,,,,,,,,-0.04%,0.09%,0.40%,0.60%,0.38%,0.34%,0.56%,0.67%,0.57%,0.51%,0.49%,0.45%,0.44%,0.42%,0.40%,0.37%,0.35%,0.32%,0.29%,,0.41%
Spain ,,,,,,,,,,,,,,,,,,,,,,,,,,,,,,,,,,,,,,,,,,,,,,,,,,,,,,,,,,,,,,,,,,,,,,,,,,,,,,,,,,,,,,,,,,,,,,,,,,,,,,,,,,,,,,,,,,,,,,,,,,,,,,,,,,,,,,,,,,,,,,,,,,,,,,,,,,,,,,,,,,,,,,,,,,,,,,,,,,,,,,0.28%,0.22%,0.20%,0.16%,0.15%,0.14%,0.13%,0.13%,0.12%,0.16%,0.18%,0.16%,0.16%,0.16%,0.15%,0.14%,0.12%,0.11%,0.08%,,0.16%
Total 14 small west European countries,,,,,,,,,,,,,,,,,,,,,,,,,,,,,,,,,,,,,,,,,,,,,,,,,,,,,,,,,,,,,,,,,,,,,,,,,,,,,,,,,,,,,,,,,,,,,,,,,,,,,,,,,,,,,,,,,,,,,,,,,,,,,,,,,,,,,,,,,,,,,,,,,,,,,,,,,,,,,,,,,,,,,,,,,,,,,,,,,,,,,,1.26%,1.33%,1.20%,1.03%,0.77%,0.78%,0.82%,0.83%,0.83%,0.84%,0.82%,0.79%,0.84%,0.88%,0.78%,0.73%,0.73%,0.70%,11.40%,,0.89%
Total 30  Western Europe ,,,,,,,,,,,,,,,,,,,,,,,,,,,,,,,,,,,,,,,,,,,,,,,,,,,,,,,,,,,,,,,,,,,,,,,,,,,,,,,,,,,,,,,,,,,,,,,,,,,,,,,,,,,,,,,,,,,,,,,,,,,,,,,,,,,,,,,,,,,,,,,,,,,,,,,,,,,,,,,,,,,,,,,,,,,,,,,,,,,,,,0.49%,0.50%,0.47%,0.38%,0.33%,0.30%,0.27%,0.25%,0.27%,0.31%,0.33%,0.29%,0.27%,0.26%,0.25%,0.24%,0.23%,0.21%,0.27%,,0.31%
Western Offshoots ,,,,,,,,,,,,,,,,,,,,,,,,,,,,,,,,,,,,,,,,,,,,,,,,,,,,,,,,,,,,,,,,,,,,,,,,,,,,,,,,,,,,,,,,,,,,,,,,,,,,,,,,,,,,,,,,,,,,,,,,,,,,,,,,,,,,,,,,,,,,,,,,,,,,,,,,,,,,,,,,,,,,,,,,,,,,,,,,,,,,,,,,,,,,,,,,,,,,,,,,,,
Australia ,,,,,,,,,,,,,,,,,,,,,,,,,,,,,,,,,,,,,,,,,,,,,,,,,,,,,,,,,,,,,,,,,,,,,,,,,,,,,,,,,,,,,,,,,,,,,,,,,,,,,,,,,,,,,,,,,,,,,,,,,,,,,,,,,,,,,,,,,,,,,,,,,,,,,,,,,,,,,,,,,,,,,,,,,,,,,,,,,,,,,,1.44%,1.25%,1.08%,0.98%,1.09%,1.21%,1.20%,1.11%,1.12%,1.18%,1.26%,0.26%,2.16%,1.15%,1.18%,1.26%,1.27%,1.23%,1.21%,,1.19%
New Zealand ,,,,,,,,,,,,,,,,,,,,,,,,,,,,,,,,,,,,,,,,,,,,,,,,,,,,,,,,,,,,,,,,,,,,,,,,,,,,,,,,,,,,,,,,,,,,,,,,,,,,,,,,,,,,,,,,,,,,,,,,,,,,,,,,,,,,,,,,,,,,,,,,,,,,,,,,,,,,,,,,,,,,,,,,,,,,,,,,,,,,,,1.19%,1.12%,1.22%,1.38%,1.55%,1.50%,1.10%,0.69%,0.53%,0.47%,0.94%,1.55%,1.58%,1.20%,0.99%,1.03%,1.02%,0.99%,0.95%,,1.12%
Canada,,,,,,,,,,,,,,,,,,,,,,,,,,,,,,,,,,,,,,,,,,,,,,,,,,,,,,,,,,,,,,,,,,,,,,,,,,,,,,,,,,,,,,,,,,,,,,,,,,,,,,,,,,,,,,,,,,,,,,,,,,,,,,,,,,,,,,,,,,,,,,,,,,,,,,,,,,,,,,,,,,,,,,,,,,,,,,,,,,,,,,1.17%,1.51%,1.42%,1.30%,1.22%,1.12%,0.93%,0.81%,0.88%,0.90%,0.89%,0.84%,0.78%,0.77%,0.78%,0.83%,-0.83%,2.52%,0.82%,,0.99%
United States ,,,,,,,,,,,,,,,,,,,,,,,,,,,,,,,,,,,,,,,,,,,,,,,,,,,,,,,,,,,,,,,,,,,,,,,,,,,,,,,,,,,,,,,,,,,,,,,,,,,,,,,,,,,,,,,,,,,,,,,,,,,,,,,,,,,,,,,,,,,,,,,,,,,,,,,,,,,,,,,,,,,,,,,,,,,,,,,,,,,,,,1.33%,1.33%,1.30%,1.21%,1.18%,1.16%,1.20%,1.17%,1.14%,1.02%,0.97%,0.90%,0.86%,0.97%,0.94%,0.96%,0.95%,0.97%,0.98%,,1.09%
Total Western Offshoots ,,,,,,,,,,,,,,,,,,,,,,,,,,,,,,,,,,,,,,,,,,,,,,,,,,,,,,,,,,,,,,,,,,,,,,,,,,,,,,,,,,,,,,,,,,,,,,,,,,,,,,,,,,,,,,,,,,,,,,,,,,,,,,,,,,,,,,,,,,,,,,,,,,,,,,,,,,,,,,,,,,,,,,,,,,,,,,,,,,,,,,1.32%,1.34%,1.30%,1.21%,1.18%,1.16%,1.17%,1.13%,1.11%,1.01%,0.98%,0.87%,0.94%,0.96%,0.94%,0.97%,0.80%,1.13%,0.98%,,1.08%
Eastern Europe ,,,,,,,,,,,,,,,,,,,,,,,,,,,,,,,,,,,,,,,,,,,,,,,,,,,,,,,,,,,,,,,,,,,,,,,,,,,,,,,,,,,,,,,,,,,,,,,,,,,,,,,,,,,,,,,,,,,,,,,,,,,,,,,,,,,,,,,,,,,,,,,,,,,,,,,,,,,,,,,,,,,,,,,,,,,,,,,,,,,,,,,,,,,,,,,,,,,,,,,,,,
Albania ,,,,,,,,,,,,,,,,,,,,,,,,,,,,,,,,,,,,,,,,,,,,,,,,,,,,,,,,,,,,,,,,,,,,,,,,,,,,,,,,,,,,,,,,,,,,,,,,,,,,,,,,,,,,,,,,,,,,,,,,,,,,,,,,,,,,,,,,,,,,,,,,,,,,,,,,,,,,,,,,,,,,,,,,,,,,,,,,,,,,,,1.33%,0.97%,0.75%,0.80%,0.65%,0.42%,0.39%,0.38%,0.47%,0.47%,0.47%,0.52%,0.52%,0.51%,0.52%,0.52%,0.53%,0.51%,0.55%,,0.60%
Bulgaria ,,,,,,,,,,,,,,,,,,,,,,,,,,,,,,,,,,,,,,,,,,,,,,,,,,,,,,,,,,,,,,,,,,,,,,,,,,,,,,,,,,,,,,,,,,,,,,,,,,,,,,,,,,,,,,,,,,,,,,,,,,,,,,,,,,,,,,,,,,,,,,,,,,,,,,,,,,,,,,,,,,,,,,,,,,,,,,,,,,,,,,-1.38%,-1.31%,-2.53%,-1.05%,-1.17%,-1.15%,-1.17%,-1.18%,-0.99%,-0.95%,-1.03%,-1.00%,-0.96%,-0.93%,-0.90%,-0.88%,-0.85%,-0.83%,-0.80%,,-1.13%
Czechoslovakia ,,,,,,,,,,,,,,,,,,,,,,,,,,,,,,,,,,,,,,,,,,,,,,,,,,,,,,,,,,,,,,,,,,,,,,,,,,,,,,,,,,,,,,,,,,,,,,,,,,,,,,,,,,,,,,,,,,,,,,,,,,,,,,,,,,,,,,,,,,,,,,,,,,,,,,,,,,,,,,,,,,,,,,,,,,,,,,,,,,,,,,0.09%,0.20%,0.20%,0.16%,0.06%,0.00%,-0.01%,-0.02%,-0.03%,-0.04%,-0.02%,0.00%,0.01%,0.01%,0.02%,0.02%,0.01%,0.00%,-0.01%,,0.04%
Hungary ,,,,,,,,,,,,,,,,,,,,,,,,,,,,,,,,,,,,,,,,,,,,,,,,,,,,,,,,,,,,,,,,,,,,,,,,,,,,,,,,,,,,,,,,,,,,,,,,,,,,,,,,,,,,,,,,,,,,,,,,,,,,,,,,,,,,,,,,,,,,,,,,,,,,,,,,,,,,,,,,,,,,,,,,,,,,,,,,,,,,,,-0.07%,-0.16%,-0.19%,-0.16%,-0.16%,-0.22%,-0.28%,-0.33%,-0.38%,-0.35%,-0.28%,-0.26%,-0.25%,-0.25%,-0.25%,-0.26%,-0.25%,-0.25%,-0.25%,,-0.24%
Poland ,,,,,,,,,,,,,,,,,,,,,,,,,,,,,,,,,,,,,,,,,,,,,,,,,,,,,,,,,,,,,,,,,,,,,,,,,,,,,,,,,,,,,,,,,,,,,,,,,,,,,,,,,,,,,,,,,,,,,,,,,,,,,,,,,,,,,,,,,,,,,,,,,,,,,,,,,,,,,,,,,,,,,,,,,,,,,,,,,,,,,,0.35%,0.31%,0.25%,0.21%,0.14%,0.08%,0.06%,0.04%,-0.01%,-0.03%,-0.03%,-0.05%,-0.06%,-0.06%,-0.06%,-0.05%,-0.05%,-0.05%,-0.05%,,0.06%
Romania ,,,,,,,,,,,,,,,,,,,,,,,,,,,,,,,,,,,,,,,,,,,,,,,,,,,,,,,,,,,,,,,,,,,,,,,,,,,,,,,,,,,,,,,,,,,,,,,,,,,,,,,,,,,,,,,,,,,,,,,,,,,,,,,,,,,,,,,,,,,,,,,,,,,,,,,,,,,,,,,,,,,,,,,,,,,,,,,,,,,,,,-0.18%,-0.13%,-0.13%,-0.13%,-0.20%,-0.29%,-0.29%,-0.21%,-0.16%,-0.13%,-0.11%,-0.11%,-0.11%,-0.11%,-0.11%,-0.12%,-0.12%,-0.13%,-0.14%,,-0.15%
Yugoslavia ,,,,,,,,,,,,,,,,,,,,,,,,,,,,,,,,,,,,,,,,,,,,,,,,,,,,,,,,,,,,,,,,,,,,,,,,,,,,,,,,,,,,,,,,,,,,,,,,,,,,,,,,,,,,,,,,,,,,,,,,,,,,,,,,,,,,,,,,,,,,,,,,,,,,,,,,,,,,,,,,,,,,,,,,,,,,,,,,,,,,,,0.35%,-0.83%,-1.05%,-0.37%,-0.13%,-0.23%,0.08%,0.29%,-0.20%,-0.15%,0.32%,0.48%,0.42%,0.42%,0.31%,0.21%,0.12%,0.04%,-0.03%,,0.01%
Total 7 East European Countries,,,,,,,,,,,,,,,,,,,,,,,,,,,,,,,,,,,,,,,,,,,,,,,,,,,,,,,,,,,,,,,,,,,,,,,,,,,,,,,,,,,,,,,,,,,,,,,,,,,,,,,,,,,,,,,,,,,,,,,,,,,,,,,,,,,,,,,,,,,,,,,,,,,,,,,,,,,,,,,,,,,,,,,,,,,,,,,,,,,,,,0.08%,-0.14%,-0.29%,-0.07%,-0.09%,-0.16%,-0.11%,-0.07%,-0.16%,-0.14%,-0.05%,-0.01%,-0.03%,-0.02%,-0.04%,-0.06%,-0.07%,-0.09%,-0.10%,,-0.08%
Yugoslav and Czech Successor states ,,,,,,,,,,,,,,,,,,,,,,,,,,,,,,,,,,,,,,,,,,,,,,,,,,,,,,,,,,,,,,,,,,,,,,,,,,,,,,,,,,,,,,,,,,,,,,,,,,,,,,,,,,,,,,,,,,,,,,,,,,,,,,,,,,,,,,,,,,,,,,,,,,,,,,,,,,,,,,,,,,,,,,,,,,,,,,,,,,,,,,,,,,,,,,,,,,,,,,,,,,
Bosnia ,,,,,,,,,,,,,,,,,,,,,,,,,,,,,,,,,,,,,,,,,,,,,,,,,,,,,,,,,,,,,,,,,,,,,,,,,,,,,,,,,,,,,,,,,,,,,,,,,,,,,,,,,,,,,,,,,,,,,,,,,,,,,,,,,,,,,,,,,,,,,,,,,,,,,,,,,,,,,,,,,,,,,,,,,,,,,,,,,,,,,,0.58%,-4.44%,-7.33%,-4.39%,-2.03%,-2.75%,-0.04%,5.67%,3.63%,1.92%,1.86%,1.31%,1.85%,2.38%,1.93%,1.53%,1.18%,0.83%,0.49%,,0.21%
Croatia ,,,,,,,,,,,,,,,,,,,,,,,,,,,,,,,,,,,,,,,,,,,,,,,,,,,,,,,,,,,,,,,,,,,,,,,,,,,,,,,,,,,,,,,,,,,,,,,,,,,,,,,,,,,,,,,,,,,,,,,,,,,,,,,,,,,,,,,,,,,,,,,,,,,,,,,,,,,,,,,,,,,,,,,,,,,,,,,,,,,,,,0.71%,-1.03%,-0.18%,0.56%,-0.32%,-0.73%,-0.44%,-0.55%,-0.27%,0.06%,0.64%,0.94%,0.37%,-0.02%,-0.02%,-0.03%,-0.03%,-0.04%,-0.06%,,-0.02%
Macedonia ,,,,,,,,,,,,,,,,,,,,,,,,,,,,,,,,,,,,,,,,,,,,,,,,,,,,,,,,,,,,,,,,,,,,,,,,,,,,,,,,,,,,,,,,,,,,,,,,,,,,,,,,,,,,,,,,,,,,,,,,,,,,,,,,,,,,,,,,,,,,,,,,,,,,,,,,,,,,,,,,,,,,,,,,,,,,,,,,,,,,,,0.34%,1.15%,1.48%,0.91%,0.98%,0.87%,0.70%,0.53%,0.48%,0.47%,0.47%,0.32%,0.23%,0.24%,0.25%,0.26%,0.26%,0.26%,0.28%,,0.57%
Slovenia ,,,,,,,,,,,,,,,,,,,,,,,,,,,,,,,,,,,,,,,,,,,,,,,,,,,,,,,,,,,,,,,,,,,,,,,,,,,,,,,,,,,,,,,,,,,,,,,,,,,,,,,,,,,,,,,,,,,,,,,,,,,,,,,,,,,,,,,,,,,,,,,,,,,,,,,,,,,,,,,,,,,,,,,,,,,,,,,,,,,,,,0.41%,-0.01%,0.04%,0.06%,0.09%,0.23%,0.21%,-0.04%,-0.06%,0.04%,0.03%,0.02%,-0.02%,0.02%,-0.02%,-0.04%,-0.05%,-0.08%,-0.09%,,0.05%
Serbia/Montenegro/Kosovo ,,,,,,,,,,,,,,,,,,,,,,,,,,,,,,,,,,,,,,,,,,,,,,,,,,,,,,,,,,,,,,,,,,,,,,,,,,,,,,,,,,,,,,,,,,,,,,,,,,,,,,,,,,,,,,,,,,,,,,,,,,,,,,,,,,,,,,,,,,,,,,,,,,,,,,,,,,,,,,,,,,,,,,,,,,,,,,,,,,,,,,0.09%,0.25%,0.40%,0.43%,0.39%,0.58%,0.21%,-1.26%,-1.79%,-1.22%,-0.41%,0.06%,-0.04%,-0.10%,-0.19%,-0.23%,-0.28%,-0.30%,-0.31%,,-0.19%
Former Yugoslavia ,,,,,,,,,,,,,,,,,,,,,,,,,,,,,,,,,,,,,,,,,,,,,,,,,,,,,,,,,,,,,,,,,,,,,,,,,,,,,,,,,,,,,,,,,,,,,,,,,,,,,,,,,,,,,,,,,,,,,,,,,,,,,,,,,,,,,,,,,,,,,,,,,,,,,,,,,,,,,,,,,,,,,,,,,,,,,,,,,,,,,,0.35%,-0.84%,-1.05%,-0.36%,-0.13%,-0.23%,0.08%,0.29%,-0.20%,-0.15%,0.32%,0.48%,0.42%,0.42%,0.30%,0.21%,0.12%,0.04%,-0.03%,,0.01%
Czech Republic ,,,,,,,,,,,,,,,,,,,,,,,,,,,,,,,,,,,,,,,,,,,,,,,,,,,,,,,,,,,,,,,,,,,,,,,,,,,,,,,,,,,,,,,,,,,,,,,,,,,,,,,,,,,,,,,,,,,,,,,,,,,,,,,,,,,,,,,,,,,,,,,,,,,,,,,,,,,,,,,,,,,,,,,,,,,,,,,,,,,,,,-0.04%,0.10%,0.10%,0.04%,-0.06%,-0.12%,-0.11%,-0.09%,-0.10%,-0.10%,-0.08%,-0.06%,-0.05%,-0.05%,-0.05%,-0.06%,-0.07%,-0.08%,-0.09%,,-0.05%
Slovakia ,,,,,,,,,,,,,,,,,,,,,,,,,,,,,,,,,,,,,,,,,,,,,,,,,,,,,,,,,,,,,,,,,,,,,,,,,,,,,,,,,,,,,,,,,,,,,,,,,,,,,,,,,,,,,,,,,,,,,,,,,,,,,,,,,,,,,,,,,,,,,,,,,,,,,,,,,,,,,,,,,,,,,,,,,,,,,,,,,,,,,,0.36%,0.40%,0.39%,0.41%,0.31%,0.22%,0.18%,0.13%,0.10%,0.08%,0.08%,0.10%,0.12%,0.13%,0.14%,0.15%,0.15%,0.15%,0.14%,,0.20%
Former Czechoslovakia ,,,,,,,,,,,,,,,,,,,,,,,,,,,,,,,,,,,,,,,,,,,,,,,,,,,,,,,,,,,,,,,,,,,,,,,,,,,,,,,,,,,,,,,,,,,,,,,,,,,,,,,,,,,,,,,,,,,,,,,,,,,,,,,,,,,,,,,,,,,,,,,,,,,,,,,,,,,,,,,,,,,,,,,,,,,,,,,,,,,,,,0.09%,0.20%,0.20%,0.16%,0.06%,0.00%,-0.01%,-0.02%,-0.03%,-0.04%,-0.02%,0.00%,0.01%,0.01%,0.02%,0.02%,0.01%,0.00%,-0.01%,,0.04%
Successor Republics of USSR,,,,,,,,,,,,,,,,,,,,,,,,,,,,,,,,,,,,,,,,,,,,,,,,,,,,,,,,,,,,,,,,,,,,,,,,,,,,,,,,,,,,,,,,,,,,,,,,,,,,,,,,,,,,,,,,,,,,,,,,,,,,,,,,,,,,,,,,,,,,,,,,,,,,,,,,,,,,,,,,,,,,,,,,,,,,,,,,,,,,,,,,,,,,,,,,,,,,,,,,,,
Armenia ,,,,,,,,,,,,,,,,,,,,,,,,,,,,,,,,,,,,,,,,,,,,,,,,,,,,,,,,,,,,,,,,,,,,,,,,,,,,,,,,,,,,,,,,,,,,,,,,,,,,,,,,,,,,,,,,,,,,,,,,,,,,,,,,,,,,,,,,,,,,,,,,,,,,,,,,,,,,,,,,,,,,,,,,,,,,,,,,,,,,,,1.78%,-1.74%,-4.44%,-3.32%,-1.85%,-0.17%,-0.14%,-0.32%,-0.05%,-0.17%,-0.49%,-0.46%,-0.40%,-0.35%,-0.28%,-0.22%,-0.16%,-0.10%,-0.05%,,-0.72%
Azerbaijan ,,,,,,,,,,,,,,,,,,,,,,,,,,,,,,,,,,,,,,,,,,,,,,,,,,,,,,,,,,,,,,,,,,,,,,,,,,,,,,,,,,,,,,,,,,,,,,,,,,,,,,,,,,,,,,,,,,,,,,,,,,,,,,,,,,,,,,,,,,,,,,,,,,,,,,,,,,,,,,,,,,,,,,,,,,,,,,,,,,,,,,2.19%,1.35%,0.31%,0.17%,0.80%,0.96%,0.65%,0.62%,0.56%,0.51%,0.49%,0.47%,0.51%,0.55%,0.60%,0.62%,0.67%,0.71%,0.74%,,0.71%
Belarus ,,,,,,,,,,,,,,,,,,,,,,,,,,,,,,,,,,,,,,,,,,,,,,,,,,,,,,,,,,,,,,,,,,,,,,,,,,,,,,,,,,,,,,,,,,,,,,,,,,,,,,,,,,,,,,,,,,,,,,,,,,,,,,,,,,,,,,,,,,,,,,,,,,,,,,,,,,,,,,,,,,,,,,,,,,,,,,,,,,,,,,0.04%,0.23%,0.21%,-0.12%,-0.32%,-0.33%,-0.41%,-0.37%,-0.28%,-0.30%,-0.34%,-0.45%,-0.50%,-0.50%,-0.48%,-0.44%,-0.42%,-0.40%,-0.38%,,-0.29%
Estonia ,,,,,,,,,,,,,,,,,,,,,,,,,,,,,,,,,,,,,,,,,,,,,,,,,,,,,,,,,,,,,,,,,,,,,,,,,,,,,,,,,,,,,,,,,,,,,,,,,,,,,,,,,,,,,,,,,,,,,,,,,,,,,,,,,,,,,,,,,,,,,,,,,,,,,,,,,,,,,,,,,,,,,,,,,,,,,,,,,,,,,,-0.62%,-2.00%,-2.47%,-1.61%,-1.44%,-1.30%,-1.02%,-0.88%,-0.80%,-0.72%,-0.72%,-0.72%,-0.69%,-0.67%,-0.66%,-0.64%,-0.64%,-0.63%,-0.66%,,-1.01%
Georgia ,,,,,,,,,,,,,,,,,,,,,,,,,,,,,,,,,,,,,,,,,,,,,,,,,,,,,,,,,,,,,,,,,,,,,,,,,,,,,,,,,,,,,,,,,,,,,,,,,,,,,,,,,,,,,,,,,,,,,,,,,,,,,,,,,,,,,,,,,,,,,,,,,,,,,,,,,,,,,,,,,,,,,,,,,,,,,,,,,,,,,,-0.11%,-1.20%,-2.03%,-2.45%,-2.13%,-1.58%,-1.04%,-0.72%,-0.68%,-0.80%,-0.65%,-0.38%,-0.37%,-0.36%,-0.35%,-0.34%,-0.33%,-0.33%,-0.32%,,-0.88%
Kazakhstan,,,,,,,,,,,,,,,,,,,,,,,,,,,,,,,,,,,,,,,,,,,,,,,,,,,,,,,,,,,,,,,,,,,,,,,,,,,,,,,,,,,,,,,,,,,,,,,,,,,,,,,,,,,,,,,,,,,,,,,,,,,,,,,,,,,,,,,,,,,,,,,,,,,,,,,,,,,,,,,,,,,,,,,,,,,,,,,,,,,,,,0.65%,0.23%,-0.55%,-1.65%,-1.89%,-1.16%,-1.36%,-1.55%,-1.07%,-0.35%,0.13%,0.17%,0.20%,0.24%,0.28%,0.31%,0.34%,0.36%,0.38%,,-0.37%
Kyrgyzstan ,,,,,,,,,,,,,,,,,,,,,,,,,,,,,,,,,,,,,,,,,,,,,,,,,,,,,,,,,,,,,,,,,,,,,,,,,,,,,,,,,,,,,,,,,,,,,,,,,,,,,,,,,,,,,,,,,,,,,,,,,,,,,,,,,,,,,,,,,,,,,,,,,,,,,,,,,,,,,,,,,,,,,,,,,,,,,,,,,,,,,,1.50%,1.05%,-0.12%,-0.09%,1.02%,1.45%,1.41%,1.41%,1.40%,1.13%,1.03%,1.17%,1.20%,1.23%,1.27%,1.31%,1.34%,1.37%,1.39%,,1.12%
Latvia ,,,,,,,,,,,,,,,,,,,,,,,,,,,,,,,,,,,,,,,,,,,,,,,,,,,,,,,,,,,,,,,,,,,,,,,,,,,,,,,,,,,,,,,,,,,,,,,,,,,,,,,,,,,,,,,,,,,,,,,,,,,,,,,,,,,,,,,,,,,,,,,,,,,,,,,,,,,,,,,,,,,,,,,,,,,,,,,,,,,,,,-0.46%,-1.35%,-1.94%,-1.66%,-1.42%,-1.12%,-0.99%,-0.94%,-0.81%,-0.73%,-0.76%,-0.77%,-0.74%,-0.72%,-0.70%,-0.68%,-0.66%,-0.64%,-0.60%,,-0.95%
Lithuania ,,,,,,,,,,,,,,,,,,,,,,,,,,,,,,,,,,,,,,,,,,,,,,,,,,,,,,,,,,,,,,,,,,,,,,,,,,,,,,,,,,,,,,,,,,,,,,,,,,,,,,,,,,,,,,,,,,,,,,,,,,,,,,,,,,,,,,,,,,,,,,,,,,,,,,,,,,,,,,,,,,,,,,,,,,,,,,,,,,,,,,0.20%,-0.05%,-0.31%,-0.25%,-0.16%,-0.14%,-0.11%,-0.09%,-0.07%,-0.11%,-0.24%,-0.34%,-0.36%,-0.34%,-0.31%,-0.30%,-0.29%,-0.29%,-0.29%,,-0.20%
Moldova ,,,,,,,,,,,,,,,,,,,,,,,,,,,,,,,,,,,,,,,,,,,,,,,,,,,,,,,,,,,,,,,,,,,,,,,,,,,,,,,,,,,,,,,,,,,,,,,,,,,,,,,,,,,,,,,,,,,,,,,,,,,,,,,,,,,,,,,,,,,,,,,,,,,,,,,,,,,,,,,,,,,,,,,,,,,,,,,,,,,,,,0.61%,0.38%,0.14%,-0.07%,-0.18%,-0.25%,-0.14%,-0.09%,-0.20%,-0.27%,-0.30%,-0.25%,-0.25%,-0.21%,-0.16%,-0.14%,-0.12%,-0.12%,-0.07%,,-0.09%
Russian Federation ,,,,,,,,,,,,,,,,,,,,,,,,,,,,,,,,,,,,,,,,,,,,,,,,,,,,,,,,,,,,,,,,,,,,,,,,,,,,,,,,,,,,,,,,,,,,,,,,,,,,,,,,,,,,,,,,,,,,,,,,,,,,,,,,,,,,,,,,,,,,,,,,,,,,,,,,,,,,,,,,,,,,,,,,,,,,,,,,,,,,,,0.22%,0.07%,-0.01%,0.04%,0.03%,-0.12%,-0.17%,-0.17%,-0.31%,-0.44%,-0.49%,-0.57%,-0.59%,-0.56%,-0.51%,-0.50%,-0.49%,-0.48%,-0.47%,,-0.28%
Tajikistan ,,,,,,,,,,,,,,,,,,,,,,,,,,,,,,,,,,,,,,,,,,,,,,,,,,,,,,,,,,,,,,,,,,,,,,,,,,,,,,,,,,,,,,,,,,,,,,,,,,,,,,,,,,,,,,,,,,,,,,,,,,,,,,,,,,,,,,,,,,,,,,,,,,,,,,,,,,,,,,,,,,,,,,,,,,,,,,,,,,,,,,2.53%,1.71%,0.85%,1.02%,1.31%,1.50%,1.72%,2.01%,2.12%,1.93%,1.73%,1.77%,1.78%,1.81%,1.88%,1.88%,1.90%,1.89%,1.88%,,1.74%
Turkmenistan ,,,,,,,,,,,,,,,,,,,,,,,,,,,,,,,,,,,,,,,,,,,,,,,,,,,,,,,,,,,,,,,,,,,,,,,,,,,,,,,,,,,,,,,,,,,,,,,,,,,,,,,,,,,,,,,,,,,,,,,,,,,,,,,,,,,,,,,,,,,,,,,,,,,,,,,,,,,,,,,,,,,,,,,,,,,,,,,,,,,,,,2.35%,2.24%,2.25%,2.20%,1.86%,1.56%,1.39%,1.44%,1.47%,1.38%,1.36%,1.30%,1.17%,1.13%,1.21%,1.19%,1.14%,1.15%,1.15%,,1.54%
Ukraine ,,,,,,,,,,,,,,,,,,,,,,,,,,,,,,,,,,,,,,,,,,,,,,,,,,,,,,,,,,,,,,,,,,,,,,,,,,,,,,,,,,,,,,,,,,,,,,,,,,,,,,,,,,,,,,,,,,,,,,,,,,,,,,,,,,,,,,,,,,,,,,,,,,,,,,,,,,,,,,,,,,,,,,,,,,,,,,,,,,,,,,0.21%,0.27%,0.03%,-0.48%,-0.76%,-0.85%,-0.87%,-0.86%,-0.91%,-0.98%,-1.02%,-0.93%,-0.81%,-0.76%,-0.73%,-0.72%,-0.69%,-0.66%,-0.64%,,-0.64%
Uzbekistan ,,,,,,,,,,,,,,,,,,,,,,,,,,,,,,,,,,,,,,,,,,,,,,,,,,,,,,,,,,,,,,,,,,,,,,,,,,,,,,,,,,,,,,,,,,,,,,,,,,,,,,,,,,,,,,,,,,,,,,,,,,,,,,,,,,,,,,,,,,,,,,,,,,,,,,,,,,,,,,,,,,,,,,,,,,,,,,,,,,,,,,2.54%,2.58%,2.37%,2.13%,2.03%,1.96%,1.80%,1.62%,1.47%,1.37%,1.31%,1.27%,1.15%,1.06%,1.03%,1.01%,1.00%,0.98%,0.95%,,1.59%
Total Former USSR ,,,,,,,,,,,,,,,,,,,,,,,,,,,,,,,,,,,,,,,,,,,,,,,,,,,,,,,,,,,,,,,,,,,,,,,,,,,,,,,,,,,,,,,,,,,,,,,,,,,,,,,,,,,,,,,,,,,,,,,,,,,,,,,,,,,,,,,,,,,,,,,,,,,,,,,,,,,,,,,,,,,,,,,,,,,,,,,,,,,,,,0.55%,0.34%,0.09%,-0.06%,-0.07%,-0.08%,-0.12%,-0.12%,-0.18%,-0.24%,-0.26%,-0.28%,-0.27%,-0.24%,-0.20%,-0.19%,-0.17%,-0.15%,-0.14%,,-0.09%
8 Latin American countries ,,,,,,,,,,,,,,,,,,,,,,,,,,,,,,,,,,,,,,,,,,,,,,,,,,,,,,,,,,,,,,,,,,,,,,,,,,,,,,,,,,,,,,,,,,,,,,,,,,,,,,,,,,,,,,,,,,,,,,,,,,,,,,,,,,,,,,,,,,,,,,,,,,,,,,,,,,,,,,,,,,,,,,,,,,,,,,,,,,,,,,,,,,,,,,,,,,,,,,,,,,
Argentina ,,,,,,,,,,,,,,,,,,,,,,,,,,,,,,,,,,,,,,,,,,,,,,,,,,,,,,,,,,,,,,,,,,,,,,,,,,,,,,,,,,,,,,,,,,,,,,,,,,,,,,,,,,,,,,,,,,,,,,,,,,,,,,,,,,,,,,,,,,,,,,,,,,,,,,,,,,,,,,,,,,,,,,,,,,,,,,,,,,,,,,1.41%,1.37%,1.29%,1.27%,1.22%,1.15%,1.17%,1.15%,1.10%,1.11%,0.95%,0.81%,0.88%,1.05%,1.13%,1.10%,1.09%,1.08%,1.06%,,1.13%
Brazil ,,,,,,,,,,,,,,,,,,,,,,,,,,,,,,,,,,,,,,,,,,,,,,,,,,,,,,,,,,,,,,,,,,,,,,,,,,,,,,,,,,,,,,,,,,,,,,,,,,,,,,,,,,,,,,,,,,,,,,,,,,,,,,,,,,,,,,,,,,,,,,,,,,,,,,,,,,,,,,,,,,,,,,,,,,,,,,,,,,,,,,1.58%,1.58%,1.58%,1.57%,1.56%,1.54%,1.53%,1.51%,1.49%,1.46%,1.44%,1.41%,1.39%,1.37%,1.33%,1.30%,1.27%,1.24%,1.21%,,1.45%
Chile ,,,,,,,,,,,,,,,,,,,,,,,,,,,,,,,,,,,,,,,,,,,,,,,,,,,,,,,,,,,,,,,,,,,,,,,,,,,,,,,,,,,,,,,,,,,,,,,,,,,,,,,,,,,,,,,,,,,,,,,,,,,,,,,,,,,,,,,,,,,,,,,,,,,,,,,,,,,,,,,,,,,,,,,,,,,,,,,,,,,,,,1.70%,1.63%,1.57%,1.53%,1.46%,1.38%,1.35%,1.30%,1.24%,1.19%,1.15%,1.12%,1.08%,1.04%,1.00%,0.97%,0.94%,0.92%,0.90%,,1.25%
Colombia ,,,,,,,,,,,,,,,,,,,,,,,,,,,,,,,,,,,,,,,,,,,,,,,,,,,,,,,,,,,,,,,,,,,,,,,,,,,,,,,,,,,,,,,,,,,,,,,,,,,,,,,,,,,,,,,,,,,,,,,,,,,,,,,,,,,,,,,,,,,,,,,,,,,,,,,,,,,,,,,,,,,,,,,,,,,,,,,,,,,,,,2.00%,2.03%,2.01%,1.97%,1.93%,1.88%,1.84%,1.80%,1.75%,1.70%,1.66%,1.62%,1.58%,1.55%,1.51%,1.48%,1.45%,1.42%,-3.02%,,1.73%
Mexico ,,,,,,,,,,,,,,,,,,,,,,,,,,,,,,,,,,,,,,,,,,,,,,,,,,,,,,,,,,,,,,,,,,,,,,,,,,,,,,,,,,,,,,,,,,,,,,,,,,,,,,,,,,,,,,,,,,,,,,,,,,,,,,,,,,,,,,,,,,,,,,,,,,,,,,,,,,,,,,,,,,,,,,,,,,,,,,,,,,,,,,1.84%,1.86%,1.84%,1.75%,1.67%,1.62%,1.57%,1.48%,1.32%,1.32%,1.31%,1.21%,1.20%,1.19%,1.18%,1.17%,1.16%,1.15%,1.14%,,1.44%
Peru ,,,,,,,,,,,,,,,,,,,,,,,,,,,,,,,,,,,,,,,,,,,,,,,,,,,,,,,,,,,,,,,,,,,,,,,,,,,,,,,,,,,,,,,,,,,,,,,,,,,,,,,,,,,,,,,,,,,,,,,,,,,,,,,,,,,,,,,,,,,,,,,,,,,,,,,,,,,,,,,,,,,,,,,,,,,,,,,,,,,,,,2.09%,2.09%,2.07%,2.05%,2.00%,1.90%,1.81%,1.71%,1.61%,1.55%,1.51%,1.49%,1.45%,1.42%,1.39%,1.35%,1.31%,1.28%,1.25%,,1.67%
Uruguay,,,,,,,,,,,,,,,,,,,,,,,,,,,,,,,,,,,,,,,,,,,,,,,,,,,,,,,,,,,,,,,,,,,,,,,,,,,,,,,,,,,,,,,,,,,,,,,,,,,,,,,,,,,,,,,,,,,,,,,,,,,,,,,,,,,,,,,,,,,,,,,,,,,,,,,,,,,,,,,,,,,,,,,,,,,,,,,,,,,,,,0.67%,0.70%,0.70%,0.63%,0.75%,0.71%,0.77%,0.67%,0.58%,0.60%,0.60%,0.60%,0.56%,0.56%,0.56%,0.52%,0.52%,0.49%,0.46%,,0.62%
Venezuela,,,,,,,,,,,,,,,,,,,,,,,,,,,,,,,,,,,,,,,,,,,,,,,,,,,,,,,,,,,,,,,,,,,,,,,,,,,,,,,,,,,,,,,,,,,,,,,,,,,,,,,,,,,,,,,,,,,,,,,,,,,,,,,,,,,,,,,,,,,,,,,,,,,,,,,,,,,,,,,,,,,,,,,,,,,,,,,,,,,,,,2.38%,2.27%,2.17%,2.08%,1.98%,1.89%,1.81%,1.72%,1.65%,1.56%,1.48%,1.45%,1.45%,1.46%,1.45%,1.46%,1.48%,1.49%,1.50%,,1.74%
Total 8 Latin American countries,,,,,,,,,,,,,,,,,,,,,,,,,,,,,,,,,,,,,,,,,,,,,,,,,,,,,,,,,,,,,,,,,,,,,,,,,,,,,,,,,,,,,,,,,,,,,,,,,,,,,,,,,,,,,,,,,,,,,,,,,,,,,,,,,,,,,,,,,,,,,,,,,,,,,,,,,,,,,,,,,,,,,,,,,,,,,,,,,,,,,,1.74%,1.73%,1.71%,1.67%,1.63%,1.59%,1.55%,1.51%,1.44%,1.41%,1.38%,1.32%,1.31%,1.30%,1.29%,1.26%,1.24%,1.22%,0.78%,,1.46%
15 Latin American countries ,,,,,,,,,,,,,,,,,,,,,,,,,,,,,,,,,,,,,,,,,,,,,,,,,,,,,,,,,,,,,,,,,,,,,,,,,,,,,,,,,,,,,,,,,,,,,,,,,,,,,,,,,,,,,,,,,,,,,,,,,,,,,,,,,,,,,,,,,,,,,,,,,,,,,,,,,,,,,,,,,,,,,,,,,,,,,,,,,,,,,,,,,,,,,,,,,,,,,,,,,,
Bolivia ,,,,,,,,,,,,,,,,,,,,,,,,,,,,,,,,,,,,,,,,,,,,,,,,,,,,,,,,,,,,,,,,,,,,,,,,,,,,,,,,,,,,,,,,,,,,,,,,,,,,,,,,,,,,,,,,,,,,,,,,,,,,,,,,,,,,,,,,,,,,,,,,,,,,,,,,,,,,,,,,,,,,,,,,,,,,,,,,,,,,,,2.37%,2.38%,2.30%,2.26%,2.19%,2.13%,2.11%,2.11%,2.10%,2.08%,2.08%,2.07%,2.05%,2.01%,1.96%,1.94%,1.88%,1.84%,1.80%,,2.10%
Costa Rica,,,,,,,,,,,,,,,,,,,,,,,,,,,,,,,,,,,,,,,,,,,,,,,,,,,,,,,,,,,,,,,,,,,,,,,,,,,,,,,,,,,,,,,,,,,,,,,,,,,,,,,,,,,,,,,,,,,,,,,,,,,,,,,,,,,,,,,,,,,,,,,,,,,,,,,,,,,,,,,,,,,,,,,,,,,,,,,,,,,,,,2.41%,2.30%,2.21%,2.14%,2.07%,1.99%,1.90%,1.83%,1.79%,1.70%,1.70%,1.63%,1.63%,1.53%,1.50%,1.46%,1.44%,1.42%,5.99%,,1.81%
Cuba,,,,,,,,,,,,,,,,,,,,,,,,,,,,,,,,,,,,,,,,,,,,,,,,,,,,,,,,,,,,,,,,,,,,,,,,,,,,,,,,,,,,,,,,,,,,,,,,,,,,,,,,,,,,,,,,,,,,,,,,,,,,,,,,,,,,,,,,,,,,,,,,,,,,,,,,,,,,,,,,,,,,,,,,,,,,,,,,,,,,,,0.93%,0.76%,0.70%,0.43%,0.48%,0.43%,0.37%,0.43%,0.49%,0.48%,0.45%,0.42%,0.39%,0.36%,0.34%,0.32%,0.28%,0.26%,0.24%,,0.46%
Dominican Republic ,,,,,,,,,,,,,,,,,,,,,,,,,,,,,,,,,,,,,,,,,,,,,,,,,,,,,,,,,,,,,,,,,,,,,,,,,,,,,,,,,,,,,,,,,,,,,,,,,,,,,,,,,,,,,,,,,,,,,,,,,,,,,,,,,,,,,,,,,,,,,,,,,,,,,,,,,,,,,,,,,,,,,,,,,,,,,,,,,,,,,,1.96%,1.88%,1.74%,1.67%,1.68%,1.72%,1.67%,1.63%,1.63%,1.59%,1.59%,1.57%,1.54%,1.53%,1.52%,1.51%,1.51%,1.49%,1.49%,,1.64%
Ecuador ,,,,,,,,,,,,,,,,,,,,,,,,,,,,,,,,,,,,,,,,,,,,,,,,,,,,,,,,,,,,,,,,,,,,,,,,,,,,,,,,,,,,,,,,,,,,,,,,,,,,,,,,,,,,,,,,,,,,,,,,,,,,,,,,,,,,,,,,,,,,,,,,,,,,,,,,,,,,,,,,,,,,,,,,,,,,,,,,,,,,,,1.07%,1.19%,1.88%,2.38%,2.27%,2.28%,2.28%,2.17%,1.78%,1.44%,1.46%,1.56%,1.91%,2.22%,2.18%,1.85%,1.55%,1.54%,1.51%,,1.83%
El Salvador,,,,,,,,,,,,,,,,,,,,,,,,,,,,,,,,,,,,,,,,,,,,,,,,,,,,,,,,,,,,,,,,,,,,,,,,,,,,,,,,,,,,,,,,,,,,,,,,,,,,,,,,,,,,,,,,,,,,,,,,,,,,,,,,,,,,,,,,,,,,,,,,,,,,,,,,,,,,,,,,,,,,,,,,,,,,,,,,,,,,,,1.67%,1.70%,1.78%,1.80%,1.85%,1.89%,1.92%,1.92%,1.91%,1.90%,1.88%,1.84%,1.84%,1.81%,1.77%,1.74%,1.71%,1.68%,-15.84%,,1.81%
Guatemala,,,,,,,,,,,,,,,,,,,,,,,,,,,,,,,,,,,,,,,,,,,,,,,,,,,,,,,,,,,,,,,,,,,,,,,,,,,,,,,,,,,,,,,,,,,,,,,,,,,,,,,,,,,,,,,,,,,,,,,,,,,,,,,,,,,,,,,,,,,,,,,,,,,,,,,,,,,,,,,,,,,,,,,,,,,,,,,,,,,,,,2.72%,1.66%,1.65%,2.65%,2.51%,2.37%,2.20%,2.00%,1.80%,1.66%,1.78%,1.96%,1.88%,1.82%,2.01%,2.21%,2.17%,2.13%,2.09%,,2.06%
Haïti,,,,,,,,,,,,,,,,,,,,,,,,,,,,,,,,,,,,,,,,,,,,,,,,,,,,,,,,,,,,,,,,,,,,,,,,,,,,,,,,,,,,,,,,,,,,,,,,,,,,,,,,,,,,,,,,,,,,,,,,,,,,,,,,,,,,,,,,,,,,,,,,,,,,,,,,,,,,,,,,,,,,,,,,,,,,,,,,,,,,,,1.81%,1.84%,2.11%,2.06%,2.10%,2.02%,1.93%,1.91%,1.82%,1.85%,1.85%,1.82%,1.90%,1.94%,1.92%,1.86%,1.83%,1.82%,1.84%,,1.91%
Honduras,,,,,,,,,,,,,,,,,,,,,,,,,,,,,,,,,,,,,,,,,,,,,,,,,,,,,,,,,,,,,,,,,,,,,,,,,,,,,,,,,,,,,,,,,,,,,,,,,,,,,,,,,,,,,,,,,,,,,,,,,,,,,,,,,,,,,,,,,,,,,,,,,,,,,,,,,,,,,,,,,,,,,,,,,,,,,,,,,,,,,,2.86%,2.92%,2.95%,2.95%,2.93%,2.86%,2.78%,2.60%,2.59%,2.66%,2.57%,2.49%,2.45%,2.37%,2.26%,2.19%,2.12%,2.06%,2.52%,,2.59%
Jamaica ,,,,,,,,,,,,,,,,,,,,,,,,,,,,,,,,,,,,,,,,,,,,,,,,,,,,,,,,,,,,,,,,,,,,,,,,,,,,,,,,,,,,,,,,,,,,,,,,,,,,,,,,,,,,,,,,,,,,,,,,,,,,,,,,,,,,,,,,,,,,,,,,,,,,,,,,,,,,,,,,,,,,,,,,,,,,,,,,,,,,,,0.46%,0.84%,1.21%,1.21%,1.33%,1.29%,1.19%,1.14%,1.10%,1.03%,0.94%,0.92%,0.90%,0.90%,0.88%,0.80%,0.83%,0.79%,0.78%,,0.99%
Nicaragua,,,,,,,,,,,,,,,,,,,,,,,,,,,,,,,,,,,,,,,,,,,,,,,,,,,,,,,,,,,,,,,,,,,,,,,,,,,,,,,,,,,,,,,,,,,,,,,,,,,,,,,,,,,,,,,,,,,,,,,,,,,,,,,,,,,,,,,,,,,,,,,,,,,,,,,,,,,,,,,,,,,,,,,,,,,,,,,,,,,,,,4.98%,3.73%,2.99%,2.90%,2.80%,2.61%,2.44%,2.31%,2.24%,2.21%,2.16%,2.10%,2.06%,-18.64%,22.59%,1.92%,1.87%,1.85%,1.80%,,2.51%
Panama,,,,,,,,,,,,,,,,,,,,,,,,,,,,,,,,,,,,,,,,,,,,,,,,,,,,,,,,,,,,,,,,,,,,,,,,,,,,,,,,,,,,,,,,,,,,,,,,,,,,,,,,,,,,,,,,,,,,,,,,,,,,,,,,,,,,,,,,,,,,,,,,,,,,,,,,,,,,,,,,,,,,,,,,,,,,,,,,,,,,,,1.99%,1.95%,1.95%,1.95%,1.91%,1.95%,1.99%,1.91%,1.81%,1.81%,1.78%,1.71%,1.68%,1.62%,1.63%,1.60%,1.61%,1.58%,1.50%,,1.80%
Paraguay,,,,,,,,,,,,,,,,,,,,,,,,,,,,,,,,,,,,,,,,,,,,,,,,,,,,,,,,,,,,,,,,,,,,,,,,,,,,,,,,,,,,,,,,,,,,,,,,,,,,,,,,,,,,,,,,,,,,,,,,,,,,,,,,,,,,,,,,,,,,,,,,,,,,,,,,,,,,,,,,,,,,,,,,,,,,,,,,,,,,,,2.86%,2.84%,2.83%,2.82%,2.76%,2.76%,2.71%,2.69%,2.68%,2.63%,2.61%,2.58%,2.53%,2.52%,2.49%,2.46%,2.43%,2.40%,-8.24%,,2.64%
Puerto Rico ,,,,,,,,,,,,,,,,,,,,,,,,,,,,,,,,,,,,,,,,,,,,,,,,,,,,,,,,,,,,,,,,,,,,,,,,,,,,,,,,,,,,,,,,,,,,,,,,,,,,,,,,,,,,,,,,,,,,,,,,,,,,,,,,,,,,,,,,,,,,,,,,,,,,,,,,,,,,,,,,,,,,,,,,,,,,,,,,,,,,,,0.71%,0.65%,0.84%,0.93%,0.92%,1.12%,0.93%,0.57%,0.50%,0.37%,0.63%,0.52%,0.49%,0.44%,0.44%,0.41%,0.39%,0.37%,0.22%,,0.62%
Trinidad and Tobago ,,,,,,,,,,,,,,,,,,,,,,,,,,,,,,,,,,,,,,,,,,,,,,,,,,,,,,,,,,,,,,,,,,,,,,,,,,,,,,,,,,,,,,,,,,,,,,,,,,,,,,,,,,,,,,,,,,,,,,,,,,,,,,,,,,,,,,,,,,,,,,,,,,,,,,,,,,,,,,,,,,,,,,,,,,,,,,,,,,,,,,0.40%,0.32%,0.08%,0.00%,-0.08%,-0.16%,-0.16%,-0.16%,-0.24%,-0.24%,-0.24%,-0.24%,-0.32%,-0.24%,-0.16%,-0.16%,-0.16%,-0.16%,-0.08%,,-0.11%
Total 15 Latin American countries,,,,,,,,,,,,,,,,,,,,,,,,,,,,,,,,,,,,,,,,,,,,,,,,,,,,,,,,,,,,,,,,,,,,,,,,,,,,,,,,,,,,,,,,,,,,,,,,,,,,,,,,,,,,,,,,,,,,,,,,,,,,,,,,,,,,,,,,,,,,,,,,,,,,,,,,,,,,,,,,,,,,,,,,,,,,,,,,,,,,,,1.94%,1.76%,1.83%,1.96%,1.94%,1.91%,1.84%,1.77%,1.69%,1.62%,1.63%,1.64%,1.66%,0.70%,2.66%,1.64%,1.57%,1.55%,0.06%,,1.74%
Total 21 small Caribbean countries ,,,,,,,,,,,,,,,,,,,,,,,,,,,,,,,,,,,,,,,,,,,,,,,,,,,,,,,,,,,,,,,,,,,,,,,,,,,,,,,,,,,,,,,,,,,,,,,,,,,,,,,,,,,,,,,,,,,,,,,,,,,,,,,,,,,,,,,,,,,,,,,,,,,,,,,,,,,,,,,,,,,,,,,,,,,,,,,,,,,,,,0.60%,0.75%,0.85%,0.85%,0.87%,0.77%,0.78%,0.84%,0.95%,0.93%,0.88%,0.87%,0.83%,0.84%,0.79%,0.78%,0.76%,0.77%,0.86%,,0.82%
Total Latin America,,,,,,,,,,,,,,,,,,,,,,,,,,,,,,,,,,,,,,,,,,,,,,,,,,,,,,,,,,,,,,,,,,,,,,,,,,,,,,,,,,,,,,,,,,,,,,,,,,,,,,,,,,,,,,,,,,,,,,,,,,,,,,,,,,,,,,,,,,,,,,,,,,,,,,,,,,,,,,,,,,,,,,,,,,,,,,,,,,,,,,1.77%,1.73%,1.73%,1.72%,1.68%,1.64%,1.60%,1.55%,1.48%,1.45%,1.42%,1.38%,1.37%,1.19%,1.54%,1.33%,1.30%,1.28%,0.65%,,1.51%
16 East Asian countries ,,,,,,,,,,,,,,,,,,,,,,,,,,,,,,,,,,,,,,,,,,,,,,,,,,,,,,,,,,,,,,,,,,,,,,,,,,,,,,,,,,,,,,,,,,,,,,,,,,,,,,,,,,,,,,,,,,,,,,,,,,,,,,,,,,,,,,,,,,,,,,,,,,,,,,,,,,,,,,,,,,,,,,,,,,,,,,,,,,,,,,,,,,,,,,,,,,,,,,,,,,
China ,,,,,,,,,,,,,,,,,,,,,,,,,,,,,,,,,,,,,,,,,,,,,,,,,,,,,,,,,,,,,,,,,,,,,,,,,,,,,,,,,,,,,,,,,,,,,,,,,,,,,,,,,,,,,,,,,,,,,,,,,,,,,,,,,,,,,,,,,,,,,,,,,,,,,,,,,,,,,,,,,,,,,,,,,,,,,,,,,,,,,,1.36%,1.23%,1.15%,1.13%,1.09%,1.05%,1.02%,0.96%,0.87%,0.79%,0.73%,0.67%,0.62%,0.59%,0.59%,0.56%,0.52%,0.52%,0.50%,,0.86%
India ,,,,,,,,,,,,,,,,,,,,,,,,,,,,,,,,,,,,,,,,,,,,,,,,,,,,,,,,,,,,,,,,,,,,,,,,,,,,,,,,,,,,,,,,,,,,,,,,,,,,,,,,,,,,,,,,,,,,,,,,,,,,,,,,,,,,,,,,,,,,,,,,,,,,,,,,,,,,,,,,,,,,,,,,,,,,,,,,,,,,,,1.74%,1.78%,1.81%,1.82%,1.82%,1.83%,1.82%,1.80%,1.77%,1.77%,1.76%,1.72%,1.70%,0.71%,2.64%,1.65%,1.62%,1.59%,0.77%,,1.74%
Indonesia (including Timor until 1999),,,,,,,,,,,,,,,,,,,,,,,,,,,,,,,,,,,,,,,,,,,,,,,,,,,,,,,,,,,,,,,,,,,,,,,,,,,,,,,,,,,,,,,,,,,,,,,,,,,,,,,,,,,,,,,,,,,,,,,,,,,,,,,,,,,,,,,,,,,,,,,,,,,,,,,,,,,,,,,,,,,,,,,,,,,,,,,,,,,,,,1.65%,1.65%,1.65%,1.65%,1.66%,1.13%,1.13%,1.13%,1.13%,0.67%,1.29%,1.29%,1.30%,1.30%,1.30%,1.30%,1.30%,1.31%,1.31%,,1.32%
Japan ,,,,,,,,,,,,,,,,,,,,,,,,,,,,,,,,,,,,,,,,,,,,,,,,,,,,,,,,,,,,,,,,,,,,,,,,,,,,,,,,,,,,,,,,,,,,,,,,,,,,,,,,,,,,,,,,,,,,,,,,,,,,,,,,,,,,,,,,,,,,,,,,,,,,,,,,,,,,,,,,,,,,,,,,,,,,,,,,,,,,,,0.33%,0.31%,0.27%,0.28%,0.26%,0.24%,0.25%,0.23%,0.20%,0.19%,0.19%,0.17%,0.13%,0.10%,0.04%,-0.02%,-0.06%,-0.11%,-0.16%,,0.17%
Philippines,,,,,,,,,,,,,,,,,,,,,,,,,,,,,,,,,,,,,,,,,,,,,,,,,,,,,,,,,,,,,,,,,,,,,,,,,,,,,,,,,,,,,,,,,,,,,,,,,,,,,,,,,,,,,,,,,,,,,,,,,,,,,,,,,,,,,,,,,,,,,,,,,,,,,,,,,,,,,,,,,,,,,,,,,,,,,,,,,,,,,,2.26%,2.09%,2.10%,2.18%,2.30%,2.37%,2.29%,2.19%,2.17%,2.21%,2.28%,2.19%,2.11%,2.13%,2.03%,2.00%,2.03%,2.00%,1.97%,,2.16%
South Korea ,,,,,,,,,,,,,,,,,,,,,,,,,,,,,,,,,,,,,,,,,,,,,,,,,,,,,,,,,,,,,,,,,,,,,,,,,,,,,,,,,,,,,,,,,,,,,,,,,,,,,,,,,,,,,,,,,,,,,,,,,,,,,,,,,,,,,,,,,,,,,,,,,,,,,,,,,,,,,,,,,,,,,,,,,,,,,,,,,,,,,,1.09%,1.14%,1.07%,0.93%,0.86%,0.80%,0.74%,0.75%,0.72%,0.76%,0.72%,0.55%,0.46%,0.41%,0.32%,0.25%,0.26%,0.27%,0.27%,,0.67%
Thailand ,,,,,,,,,,,,,,,,,,,,,,,,,,,,,,,,,,,,,,,,,,,,,,,,,,,,,,,,,,,,,,,,,,,,,,,,,,,,,,,,,,,,,,,,,,,,,,,,,,,,,,,,,,,,,,,,,,,,,,,,,,,,,,,,,,,,,,,,,,,,,,,,,,,,,,,,,,,,,,,,,,,,,,,,,,,,,,,,,,,,,,1.32%,1.31%,1.29%,1.26%,1.24%,1.19%,1.10%,1.04%,0.90%,0.76%,0.76%,0.75%,0.74%,0.73%,0.71%,0.69%,0.67%,0.65%,0.77%,,0.95%
Taiwan,,,,,,,,,,,,,,,,,,,,,,,,,,,,,,,,,,,,,,,,,,,,,,,,,,,,,,,,,,,,,,,,,,,,,,,,,,,,,,,,,,,,,,,,,,,,,,,,,,,,,,,,,,,,,,,,,,,,,,,,,,,,,,,,,,,,,,,,,,,,,,,,,,,,,,,,,,,,,,,,,,,,,,,,,,,,,,,,,,,,,,1.06%,1.00%,0.97%,0.92%,0.89%,0.83%,1.04%,0.91%,0.79%,0.87%,0.91%,0.51%,0.41%,0.35%,0.35%,0.36%,0.34%,0.27%,0.23%,,0.71%
Bangladesh,,,,,,,,,,,,,,,,,,,,,,,,,,,,,,,,,,,,,,,,,,,,,,,,,,,,,,,,,,,,,,,,,,,,,,,,,,,,,,,,,,,,,,,,,,,,,,,,,,,,,,,,,,,,,,,,,,,,,,,,,,,,,,,,,,,,,,,,,,,,,,,,,,,,,,,,,,,,,,,,,,,,,,,,,,,,,,,,,,,,,,2.28%,2.21%,2.15%,2.09%,2.05%,2.03%,2.00%,1.94%,1.87%,1.80%,1.73%,1.67%,1.61%,1.52%,1.44%,1.36%,1.32%,1.31%,1.30%,,1.80%
Burma ,,,,,,,,,,,,,,,,,,,,,,,,,,,,,,,,,,,,,,,,,,,,,,,,,,,,,,,,,,,,,,,,,,,,,,,,,,,,,,,,,,,,,,,,,,,,,,,,,,,,,,,,,,,,,,,,,,,,,,,,,,,,,,,,,,,,,,,,,,,,,,,,,,,,,,,,,,,,,,,,,,,,,,,,,,,,,,,,,,,,,,1.26%,0.98%,1.08%,1.44%,1.43%,1.32%,1.23%,1.18%,1.13%,1.07%,1.01%,0.99%,0.95%,1.07%,1.03%,0.83%,0.82%,0.81%,10.09%,,1.09%
Hong Kong,,,,,,,,,,,,,,,,,,,,,,,,,,,,,,,,,,,,,,,,,,,,,,,,,,,,,,,,,,,,,,,,,,,,,,,,,,,,,,,,,,,,,,,,,,,,,,,,,,,,,,,,,,,,,,,,,,,,,,,,,,,,,,,,,,,,,,,,,,,,,,,,,,,,,,,,,,,,,,,,,,,,,,,,,,,,,,,,,,,,,,1.12%,1.34%,1.78%,2.21%,2.57%,2.63%,1.62%,0.75%,0.83%,0.90%,0.82%,0.73%,0.70%,0.66%,0.63%,0.60%,0.57%,0.55%,0.52%,,1.17%
Malaysia ,,,,,,,,,,,,,,,,,,,,,,,,,,,,,,,,,,,,,,,,,,,,,,,,,,,,,,,,,,,,,,,,,,,,,,,,,,,,,,,,,,,,,,,,,,,,,,,,,,,,,,,,,,,,,,,,,,,,,,,,,,,,,,,,,,,,,,,,,,,,,,,,,,,,,,,,,,,,,,,,,,,,,,,,,,,,,,,,,,,,,,2.28%,2.28%,2.32%,2.28%,2.22%,2.19%,2.13%,2.11%,2.10%,2.04%,1.98%,1.93%,1.88%,1.84%,1.81%,1.79%,1.77%,1.75%,1.73%,,2.04%
Nepal ,,,,,,,,,,,,,,,,,,,,,,,,,,,,,,,,,,,,,,,,,,,,,,,,,,,,,,,,,,,,,,,,,,,,,,,,,,,,,,,,,,,,,,,,,,,,,,,,,,,,,,,,,,,,,,,,,,,,,,,,,,,,,,,,,,,,,,,,,,,,,,,,,,,,,,,,,,,,,,,,,,,,,,,,,,,,,,,,,,,,,,2.76%,2.96%,2.99%,2.89%,2.92%,2.82%,2.66%,2.53%,2.37%,2.23%,2.06%,1.87%,1.77%,1.63%,1.43%,1.34%,1.33%,1.32%,1.29%,,2.22%
Pakistan,,,,,,,,,,,,,,,,,,,,,,,,,,,,,,,,,,,,,,,,,,,,,,,,,,,,,,,,,,,,,,,,,,,,,,,,,,,,,,,,,,,,,,,,,,,,,,,,,,,,,,,,,,,,,,,,,,,,,,,,,,,,,,,,,,,,,,,,,,,,,,,,,,,,,,,,,,,,,,,,,,,,,,,,,,,,,,,,,,,,,,2.65%,2.03%,2.00%,2.43%,2.52%,2.65%,2.56%,2.51%,2.46%,2.69%,2.69%,2.02%,1.76%,1.95%,2.00%,2.06%,2.07%,2.02%,1.02%,,2.28%
Singapore ,,,,,,,,,,,,,,,,,,,,,,,,,,,,,,,,,,,,,,,,,,,,,,,,,,,,,,,,,,,,,,,,,,,,,,,,,,,,,,,,,,,,,,,,,,,,,,,,,,,,,,,,,,,,,,,,,,,,,,,,,,,,,,,,,,,,,,,,,,,,,,,,,,,,,,,,,,,,,,,,,,,,,,,,,,,,,,,,,,,,,,3.15%,2.86%,2.81%,2.96%,3.30%,3.59%,3.48%,2.65%,1.61%,1.72%,2.05%,1.86%,1.86%,1.79%,1.64%,1.49%,1.35%,1.20%,1.08%,,2.30%
Sri Lanka,,,,,,,,,,,,,,,,,,,,,,,,,,,,,,,,,,,,,,,,,,,,,,,,,,,,,,,,,,,,,,,,,,,,,,,,,,,,,,,,,,,,,,,,,,,,,,,,,,,,,,,,,,,,,,,,,,,,,,,,,,,,,,,,,,,,,,,,,,,,,,,,,,,,,,,,,,,,,,,,,,,,,,,,,,,,,,,,,,,,,,1.11%,1.11%,1.35%,1.38%,1.25%,1.10%,1.00%,0.99%,0.97%,1.01%,1.08%,1.13%,1.14%,1.02%,0.99%,1.04%,1.00%,0.96%,0.92%,,1.09%
Total 16 East Asian countries ,,,,,,,,,,,,,,,,,,,,,,,,,,,,,,,,,,,,,,,,,,,,,,,,,,,,,,,,,,,,,,,,,,,,,,,,,,,,,,,,,,,,,,,,,,,,,,,,,,,,,,,,,,,,,,,,,,,,,,,,,,,,,,,,,,,,,,,,,,,,,,,,,,,,,,,,,,,,,,,,,,,,,,,,,,,,,,,,,,,,,,1.57%,1.49%,1.47%,1.48%,1.47%,1.43%,1.41%,1.36%,1.31%,1.25%,1.27%,1.19%,1.15%,0.83%,1.43%,1.10%,1.08%,1.07%,0.87%,,1.30%
30 East Asian countries ,,,,,,,,,,,,,,,,,,,,,,,,,,,,,,,,,,,,,,,,,,,,,,,,,,,,,,,,,,,,,,,,,,,,,,,,,,,,,,,,,,,,,,,,,,,,,,,,,,,,,,,,,,,,,,,,,,,,,,,,,,,,,,,,,,,,,,,,,,,,,,,,,,,,,,,,,,,,,,,,,,,,,,,,,,,,,,,,,,,,,,,,,,,,,,,,,,,,,,,,,,
Afghanistan,,,,,,,,,,,,,,,,,,,,,,,,,,,,,,,,,,,,,,,,,,,,,,,,,,,,,,,,,,,,,,,,,,,,,,,,,,,,,,,,,,,,,,,,,,,,,,,,,,,,,,,,,,,,,,,,,,,,,,,,,,,,,,,,,,,,,,,,,,,,,,,,,,,,,,,,,,,,,,,,,,,,,,,,,,,,,,,,,,,,,,1.37%,9.28%,11.85%,7.99%,4.81%,3.20%,3.05%,3.04%,3.15%,1.06%,0.41%,5.16%,6.85%,5.23%,4.84%,3.70%,2.65%,2.63%,15.94%,,4.46%
Cambodia ,,,,,,,,,,,,,,,,,,,,,,,,,,,,,,,,,,,,,,,,,,,,,,,,,,,,,,,,,,,,,,,,,,,,,,,,,,,,,,,,,,,,,,,,,,,,,,,,,,,,,,,,,,,,,,,,,,,,,,,,,,,,,,,,,,,,,,,,,,,,,,,,,,,,,,,,,,,,,,,,,,,,,,,,,,,,,,,,,,,,,,3.59%,4.41%,4.67%,3.30%,2.39%,2.23%,2.05%,1.92%,1.87%,1.83%,1.81%,1.78%,1.75%,1.71%,1.69%,1.69%,1.72%,1.74%,1.76%,,2.34%
Laos,,,,,,,,,,,,,,,,,,,,,,,,,,,,,,,,,,,,,,,,,,,,,,,,,,,,,,,,,,,,,,,,,,,,,,,,,,,,,,,,,,,,,,,,,,,,,,,,,,,,,,,,,,,,,,,,,,,,,,,,,,,,,,,,,,,,,,,,,,,,,,,,,,,,,,,,,,,,,,,,,,,,,,,,,,,,,,,,,,,,,,2.81%,2.81%,2.81%,2.81%,2.81%,2.55%,2.53%,2.52%,2.51%,2.50%,2.49%,2.48%,2.46%,2.45%,2.43%,2.41%,2.38%,2.36%,2.32%,,2.56%
Mongolia ,,,,,,,,,,,,,,,,,,,,,,,,,,,,,,,,,,,,,,,,,,,,,,,,,,,,,,,,,,,,,,,,,,,,,,,,,,,,,,,,,,,,,,,,,,,,,,,,,,,,,,,,,,,,,,,,,,,,,,,,,,,,,,,,,,,,,,,,,,,,,,,,,,,,,,,,,,,,,,,,,,,,,,,,,,,,,,,,,,,,,,2.36%,2.07%,1.78%,1.72%,1.91%,1.93%,1.76%,1.65%,1.60%,1.54%,1.52%,1.47%,1.43%,1.44%,1.46%,1.47%,1.48%,1.49%,1.49%,,1.67%
North Korea ,,,,,,,,,,,,,,,,,,,,,,,,,,,,,,,,,,,,,,,,,,,,,,,,,,,,,,,,,,,,,,,,,,,,,,,,,,,,,,,,,,,,,,,,,,,,,,,,,,,,,,,,,,,,,,,,,,,,,,,,,,,,,,,,,,,,,,,,,,,,,,,,,,,,,,,,,,,,,,,,,,,,,,,,,,,,,,,,,,,,,,1.70%,1.71%,1.73%,1.21%,0.96%,0.33%,-0.63%,-1.24%,-0.49%,0.76%,1.08%,1.01%,0.85%,0.71%,0.65%,0.60%,0.55%,0.49%,0.44%,,0.67%
Vietnam,,,,,,,,,,,,,,,,,,,,,,,,,,,,,,,,,,,,,,,,,,,,,,,,,,,,,,,,,,,,,,,,,,,,,,,,,,,,,,,,,,,,,,,,,,,,,,,,,,,,,,,,,,,,,,,,,,,,,,,,,,,,,,,,,,,,,,,,,,,,,,,,,,,,,,,,,,,,,,,,,,,,,,,,,,,,,,,,,,,,,,2.00%,1.88%,1.85%,1.80%,1.69%,1.57%,1.47%,1.36%,1.29%,1.24%,1.18%,1.13%,1.09%,1.06%,1.05%,1.03%,1.01%,1.00%,2.82%,,1.37%
Total 24 Small East Asian countries,,,,,,,,,,,,,,,,,,,,,,,,,,,,,,,,,,,,,,,,,,,,,,,,,,,,,,,,,,,,,,,,,,,,,,,,,,,,,,,,,,,,,,,,,,,,,,,,,,,,,,,,,,,,,,,,,,,,,,,,,,,,,,,,,,,,,,,,,,,,,,,,,,,,,,,,,,,,,,,,,,,,,,,,,,,,,,,,,,,,,,2.39%,1.97%,1.91%,1.96%,2.04%,2.15%,2.20%,2.18%,2.23%,2.15%,2.09%,2.07%,2.05%,2.09%,2.13%,2.17%,2.18%,2.11%,9.77%,,2.11%
Total 30 East Asian countries ,,,,,,,,,,,,,,,,,,,,,,,,,,,,,,,,,,,,,,,,,,,,,,,,,,,,,,,,,,,,,,,,,,,,,,,,,,,,,,,,,,,,,,,,,,,,,,,,,,,,,,,,,,,,,,,,,,,,,,,,,,,,,,,,,,,,,,,,,,,,,,,,,,,,,,,,,,,,,,,,,,,,,,,,,,,,,,,,,,,,,,2.05%,2.97%,3.37%,2.73%,2.14%,1.75%,1.53%,1.38%,1.48%,1.30%,1.21%,1.91%,2.16%,1.89%,1.84%,1.64%,1.44%,1.42%,5.41%,,1.90%
15 West Asian countries ,,,,,,,,,,,,,,,,,,,,,,,,,,,,,,,,,,,,,,,,,,,,,,,,,,,,,,,,,,,,,,,,,,,,,,,,,,,,,,,,,,,,,,,,,,,,,,,,,,,,,,,,,,,,,,,,,,,,,,,,,,,,,,,,,,,,,,,,,,,,,,,,,,,,,,,,,,,,,,,,,,,,,,,,,,,,,,,,,,,,,,,,,,,,,,,,,,,,,,,,,,
Bahrain ,,,,,,,,,,,,,,,,,,,,,,,,,,,,,,,,,,,,,,,,,,,,,,,,,,,,,,,,,,,,,,,,,,,,,,,,,,,,,,,,,,,,,,,,,,,,,,,,,,,,,,,,,,,,,,,,,,,,,,,,,,,,,,,,,,,,,,,,,,,,,,,,,,,,,,,,,,,,,,,,,,,,,,,,,,,,,,,,,,,,,,2.91%,2.73%,2.70%,2.61%,2.52%,2.31%,2.11%,2.02%,1.92%,1.83%,1.75%,1.70%,1.64%,1.58%,1.53%,1.48%,1.42%,1.36%,1.48%,,2.01%
Iran,,,,,,,,,,,,,,,,,,,,,,,,,,,,,,,,,,,,,,,,,,,,,,,,,,,,,,,,,,,,,,,,,,,,,,,,,,,,,,,,,,,,,,,,,,,,,,,,,,,,,,,,,,,,,,,,,,,,,,,,,,,,,,,,,,,,,,,,,,,,,,,,,,,,,,,,,,,,,,,,,,,,,,,,,,,,,,,,,,,,,,3.67%,2.04%,0.25%,0.05%,0.99%,0.92%,0.92%,0.81%,0.67%,0.70%,0.75%,0.30%,0.07%,0.53%,0.64%,0.44%,0.57%,0.73%,0.84%,,0.84%
Iraq ,,,,,,,,,,,,,,,,,,,,,,,,,,,,,,,,,,,,,,,,,,,,,,,,,,,,,,,,,,,,,,,,,,,,,,,,,,,,,,,,,,,,,,,,,,,,,,,,,,,,,,,,,,,,,,,,,,,,,,,,,,,,,,,,,,,,,,,,,,,,,,,,,,,,,,,,,,,,,,,,,,,,,,,,,,,,,,,,,,,,,,-3.73%,2.21%,2.99%,3.02%,3.05%,3.05%,3.00%,2.95%,2.92%,2.88%,2.85%,2.83%,2.80%,2.76%,2.72%,2.68%,2.64%,2.59%,2.54%,,2.46%
Israel ,,,,,,,,,,,,,,,,,,,,,,,,,,,,,,,,,,,,,,,,,,,,,,,,,,,,,,,,,,,,,,,,,,,,,,,,,,,,,,,,,,,,,,,,,,,,,,,,,,,,,,,,,,,,,,,,,,,,,,,,,,,,,,,,,,,,,,,,,,,,,,,,,,,,,,,,,,,,,,,,,,,,,,,,,,,,,,,,,,,,,,3.76%,3.66%,3.57%,3.48%,3.38%,2.97%,2.61%,2.59%,2.58%,2.56%,2.21%,1.87%,1.90%,1.92%,1.87%,1.82%,1.78%,1.73%,1.70%,,2.57%
Jordan ,,,,,,,,,,,,,,,,,,,,,,,,,,,,,,,,,,,,,,,,,,,,,,,,,,,,,,,,,,,,,,,,,,,,,,,,,,,,,,,,,,,,,,,,,,,,,,,,,,,,,,,,,,,,,,,,,,,,,,,,,,,,,,,,,,,,,,,,,,,,,,,,,,,,,,,,,,,,,,,,,,,,,,,,,,,,,,,,,,,,,,10.70%,6.32%,2.98%,2.43%,2.88%,3.78%,3.66%,3.47%,3.29%,3.17%,3.05%,2.95%,2.84%,2.73%,2.61%,2.52%,2.45%,2.37%,1.13%,,3.57%
Kuwait ,,,,,,,,,,,,,,,,,,,,,,,,,,,,,,,,,,,,,,,,,,,,,,,,,,,,,,,,,,,,,,,,,,,,,,,,,,,,,,,,,,,,,,,,,,,,,,,,,,,,,,,,,,,,,,,,,,,,,,,,,,,,,,,,,,,,,,,,,,,,,,,,,,,,,,,,,,,,,,,,,,,,,,,,,,,,,,,,,,,,,,-80.88%,39.63%,4.53%,4.46%,4.37%,4.35%,4.19%,3.92%,3.71%,3.52%,3.41%,3.35%,3.33%,3.35%,3.40%,3.48%,3.54%,3.58%,3.64%,,1.07%
Lebanon ,,,,,,,,,,,,,,,,,,,,,,,,,,,,,,,,,,,,,,,,,,,,,,,,,,,,,,,,,,,,,,,,,,,,,,,,,,,,,,,,,,,,,,,,,,,,,,,,,,,,,,,,,,,,,,,,,,,,,,,,,,,,,,,,,,,,,,,,,,,,,,,,,,,,,,,,,,,,,,,,,,,,,,,,,,,,,,,,,,,,,,1.45%,0.83%,1.00%,1.17%,1.33%,1.41%,1.42%,1.42%,1.41%,1.39%,1.38%,1.37%,1.35%,1.32%,1.29%,1.25%,1.22%,1.18%,3.15%,,1.29%
Oman,,,,,,,,,,,,,,,,,,,,,,,,,,,,,,,,,,,,,,,,,,,,,,,,,,,,,,,,,,,,,,,,,,,,,,,,,,,,,,,,,,,,,,,,,,,,,,,,,,,,,,,,,,,,,,,,,,,,,,,,,,,,,,,,,,,,,,,,,,,,,,,,,,,,,,,,,,,,,,,,,,,,,,,,,,,,,,,,,,,,,,3.89%,3.83%,3.77%,3.46%,3.46%,3.47%,3.47%,3.46%,3.46%,3.46%,3.45%,3.42%,3.40%,3.37%,3.34%,3.30%,3.26%,3.21%,-12.93%,,3.47%
Qatar,,,,,,,,,,,,,,,,,,,,,,,,,,,,,,,,,,,,,,,,,,,,,,,,,,,,,,,,,,,,,,,,,,,,,,,,,,,,,,,,,,,,,,,,,,,,,,,,,,,,,,,,,,,,,,,,,,,,,,,,,,,,,,,,,,,,,,,,,,,,,,,,,,,,,,,,,,,,,,,,,,,,,,,,,,,,,,,,,,,,,,3.30%,3.14%,3.15%,3.05%,2.91%,2.80%,2.73%,3.51%,4.55%,4.88%,4.96%,4.87%,4.71%,4.54%,3.48%,2.13%,1.52%,1.21%,0.99%,,3.41%
Saudi Arabia ,,,,,,,,,,,,,,,,,,,,,,,,,,,,,,,,,,,,,,,,,,,,,,,,,,,,,,,,,,,,,,,,,,,,,,,,,,,,,,,,,,,,,,,,,,,,,,,,,,,,,,,,,,,,,,,,,,,,,,,,,,,,,,,,,,,,,,,,,,,,,,,,,,,,,,,,,,,,,,,,,,,,,,,,,,,,,,,,,,,,,,1.51%,3.85%,6.36%,5.66%,4.39%,3.24%,2.88%,2.84%,2.88%,2.93%,2.89%,2.76%,2.63%,2.51%,2.38%,2.25%,2.13%,2.01%,1.90%,,3.12%
Syria ,,,,,,,,,,,,,,,,,,,,,,,,,,,,,,,,,,,,,,,,,,,,,,,,,,,,,,,,,,,,,,,,,,,,,,,,,,,,,,,,,,,,,,,,,,,,,,,,,,,,,,,,,,,,,,,,,,,,,,,,,,,,,,,,,,,,,,,,,,,,,,,,,,,,,,,,,,,,,,,,,,,,,,,,,,,,,,,,,,,,,,3.27%,2.84%,2.69%,2.62%,2.62%,2.63%,2.62%,2.62%,2.60%,2.59%,2.56%,2.52%,2.47%,2.42%,2.37%,2.32%,2.27%,2.22%,9.72%,,2.57%
Turkey ,,,,,,,,,,,,,,,,,,,,,,,,,,,,,,,,,,,,,,,,,,,,,,,,,,,,,,,,,,,,,,,,,,,,,,,,,,,,,,,,,,,,,,,,,,,,,,,,,,,,,,,,,,,,,,,,,,,,,,,,,,,,,,,,,,,,,,,,,,,,,,,,,,,,,,,,,,,,,,,,,,,,,,,,,,,,,,,,,,,,,,1.91%,1.86%,1.80%,1.77%,1.75%,1.72%,1.70%,1.67%,1.64%,1.61%,1.58%,1.56%,1.53%,1.50%,1.47%,1.44%,1.40%,1.36%,1.33%,,1.63%
United Arab Emirates ,,,,,,,,,,,,,,,,,,,,,,,,,,,,,,,,,,,,,,,,,,,,,,,,,,,,,,,,,,,,,,,,,,,,,,,,,,,,,,,,,,,,,,,,,,,,,,,,,,,,,,,,,,,,,,,,,,,,,,,,,,,,,,,,,,,,,,,,,,,,,,,,,,,,,,,,,,,,,,,,,,,,,,,,,,,,,,,,,,,,,,5.87%,5.99%,6.03%,6.00%,5.81%,5.60%,5.49%,5.39%,5.29%,5.20%,5.09%,4.92%,4.76%,4.61%,4.47%,4.29%,4.09%,3.91%,3.75%,,5.16%
Yemen ,,,,,,,,,,,,,,,,,,,,,,,,,,,,,,,,,,,,,,,,,,,,,,,,,,,,,,,,,,,,,,,,,,,,,,,,,,,,,,,,,,,,,,,,,,,,,,,,,,,,,,,,,,,,,,,,,,,,,,,,,,,,,,,,,,,,,,,,,,,,,,,,,,,,,,,,,,,,,,,,,,,,,,,,,,,,,,,,,,,,,,3.69%,3.70%,3.80%,3.60%,3.21%,3.12%,3.22%,3.28%,3.33%,3.34%,3.37%,3.39%,3.41%,3.43%,3.44%,3.46%,3.46%,3.46%,-0.68%,,3.43%
West Bank and Gaza ,,,,,,,,,,,,,,,,,,,,,,,,,,,,,,,,,,,,,,,,,,,,,,,,,,,,,,,,,,,,,,,,,,,,,,,,,,,,,,,,,,,,,,,,,,,,,,,,,,,,,,,,,,,,,,,,,,,,,,,,,,,,,,,,,,,,,,,,,,,,,,,,,,,,,,,,,,,,,,,,,,,,,,,,,,,,,,,,,,,,,,3.69%,3.69%,3.68%,3.67%,4.73%,3.64%,3.62%,3.49%,3.77%,3.98%,3.49%,3.50%,3.49%,3.51%,3.79%,3.14%,3.12%,3.12%,-2.92%,,3.62%
Total 15 West Asian countries ,,,,,,,,,,,,,,,,,,,,,,,,,,,,,,,,,,,,,,,,,,,,,,,,,,,,,,,,,,,,,,,,,,,,,,,,,,,,,,,,,,,,,,,,,,,,,,,,,,,,,,,,,,,,,,,,,,,,,,,,,,,,,,,,,,,,,,,,,,,,,,,,,,,,,,,,,,,,,,,,,,,,,,,,,,,,,,,,,,,,,,1.73%,2.72%,2.20%,2.07%,2.23%,2.10%,2.05%,2.01%,1.98%,1.99%,1.98%,1.83%,1.75%,1.85%,1.86%,1.77%,1.77%,1.78%,1.73%,,1.98%
Total Asia ,,,,,,,,,,,,,,,,,,,,,,,,,,,,,,,,,,,,,,,,,,,,,,,,,,,,,,,,,,,,,,,,,,,,,,,,,,,,,,,,,,,,,,,,,,,,,,,,,,,,,,,,,,,,,,,,,,,,,,,,,,,,,,,,,,,,,,,,,,,,,,,,,,,,,,,,,,,,,,,,,,,,,,,,,,,,,,,,,,,,,,1.60%,1.63%,1.59%,1.57%,1.55%,1.48%,1.45%,1.41%,1.36%,1.30%,1.31%,1.26%,1.23%,0.94%,1.48%,1.17%,1.14%,1.13%,1.14%,,1.37%
57 African countries ,,,,,,,,,,,,,,,,,,,,,,,,,,,,,,,,,,,,,,,,,,,,,,,,,,,,,,,,,,,,,,,,,,,,,,,,,,,,,,,,,,,,,,,,,,,,,,,,,,,,,,,,,,,,,,,,,,,,,,,,,,,,,,,,,,,,,,,,,,,,,,,,,,,,,,,,,,,,,,,,,,,,,,,,,,,,,,,,,,,,,,,,,,,,,,,,,,,,,,,,,,
Algeria ,,,,,,,,,,,,,,,,,,,,,,,,,,,,,,,,,,,,,,,,,,,,,,,,,,,,,,,,,,,,,,,,,,,,,,,,,,,,,,,,,,,,,,,,,,,,,,,,,,,,,,,,,,,,,,,,,,,,,,,,,,,,,,,,,,,,,,,,,,,,,,,,,,,,,,,,,,,,,,,,,,,,,,,,,,,,,,,,,,,,,,2.36%,2.35%,2.32%,2.22%,2.04%,1.82%,1.66%,1.54%,1.49%,1.49%,1.45%,1.41%,1.36%,1.30%,1.25%,1.22%,1.22%,1.21%,1.20%,,1.65%
Angola,,,,,,,,,,,,,,,,,,,,,,,,,,,,,,,,,,,,,,,,,,,,,,,,,,,,,,,,,,,,,,,,,,,,,,,,,,,,,,,,,,,,,,,,,,,,,,,,,,,,,,,,,,,,,,,,,,,,,,,,,,,,,,,,,,,,,,,,,,,,,,,,,,,,,,,,,,,,,,,,,,,,,,,,,,,,,,,,,,,,,,2.38%,2.84%,2.53%,2.27%,2.66%,2.43%,2.10%,1.85%,1.74%,1.57%,1.54%,2.09%,2.72%,2.98%,2.73%,2.41%,2.23%,2.16%,2.11%,,2.29%
Benin ,,,,,,,,,,,,,,,,,,,,,,,,,,,,,,,,,,,,,,,,,,,,,,,,,,,,,,,,,,,,,,,,,,,,,,,,,,,,,,,,,,,,,,,,,,,,,,,,,,,,,,,,,,,,,,,,,,,,,,,,,,,,,,,,,,,,,,,,,,,,,,,,,,,,,,,,,,,,,,,,,,,,,,,,,,,,,,,,,,,,,,3.13%,3.14%,4.68%,4.43%,2.85%,3.02%,3.15%,3.21%,3.24%,3.26%,3.27%,3.24%,3.19%,3.15%,3.28%,3.21%,3.02%,3.03%,3.00%,,3.31%
Botswana,,,,,,,,,,,,,,,,,,,,,,,,,,,,,,,,,,,,,,,,,,,,,,,,,,,,,,,,,,,,,,,,,,,,,,,,,,,,,,,,,,,,,,,,,,,,,,,,,,,,,,,,,,,,,,,,,,,,,,,,,,,,,,,,,,,,,,,,,,,,,,,,,,,,,,,,,,,,,,,,,,,,,,,,,,,,,,,,,,,,,,3.00%,3.14%,3.26%,3.14%,3.02%,2.89%,2.74%,2.58%,2.40%,2.21%,2.02%,1.86%,1.75%,1.72%,1.77%,1.92%,1.99%,2.00%,1.98%,,2.41%
Burkina Faso,,,,,,,,,,,,,,,,,,,,,,,,,,,,,,,,,,,,,,,,,,,,,,,,,,,,,,,,,,,,,,,,,,,,,,,,,,,,,,,,,,,,,,,,,,,,,,,,,,,,,,,,,,,,,,,,,,,,,,,,,,,,,,,,,,,,,,,,,,,,,,,,,,,,,,,,,,,,,,,,,,,,,,,,,,,,,,,,,,,,,,3.31%,3.33%,3.33%,3.54%,3.41%,3.15%,3.11%,3.08%,3.19%,3.18%,3.82%,4.43%,3.75%,3.11%,3.11%,3.11%,3.11%,3.11%,3.10%,,3.34%
Burundi,,,,,,,,,,,,,,,,,,,,,,,,,,,,,,,,,,,,,,,,,,,,,,,,,,,,,,,,,,,,,,,,,,,,,,,,,,,,,,,,,,,,,,,,,,,,,,,,,,,,,,,,,,,,,,,,,,,,,,,,,,,,,,,,,,,,,,,,,,,,,,,,,,,,,,,,,,,,,,,,,,,,,,,,,,,,,,,,,,,,,,2.36%,3.02%,-3.08%,0.86%,6.74%,0.38%,0.34%,2.42%,2.94%,2.49%,2.82%,3.05%,3.23%,3.58%,3.65%,3.71%,3.65%,3.52%,9.02%,,2.54%
Cameroon ,,,,,,,,,,,,,,,,,,,,,,,,,,,,,,,,,,,,,,,,,,,,,,,,,,,,,,,,,,,,,,,,,,,,,,,,,,,,,,,,,,,,,,,,,,,,,,,,,,,,,,,,,,,,,,,,,,,,,,,,,,,,,,,,,,,,,,,,,,,,,,,,,,,,,,,,,,,,,,,,,,,,,,,,,,,,,,,,,,,,,,2.87%,2.78%,2.71%,2.63%,2.52%,2.48%,2.45%,2.41%,2.37%,2.34%,2.34%,2.44%,2.42%,2.30%,2.28%,2.27%,2.25%,2.23%,2.20%,,2.45%
Cape Verde ,,,,,,,,,,,,,,,,,,,,,,,,,,,,,,,,,,,,,,,,,,,,,,,,,,,,,,,,,,,,,,,,,,,,,,,,,,,,,,,,,,,,,,,,,,,,,,,,,,,,,,,,,,,,,,,,,,,,,,,,,,,,,,,,,,,,,,,,,,,,,,,,,,,,,,,,,,,,,,,,,,,,,,,,,,,,,,,,,,,,,,1.80%,1.72%,1.64%,1.55%,1.45%,1.36%,1.27%,1.19%,1.12%,1.04%,0.97%,0.90%,0.84%,0.78%,0.72%,0.67%,0.64%,0.61%,15.98%,,1.13%
Central African Republic ,,,,,,,,,,,,,,,,,,,,,,,,,,,,,,,,,,,,,,,,,,,,,,,,,,,,,,,,,,,,,,,,,,,,,,,,,,,,,,,,,,,,,,,,,,,,,,,,,,,,,,,,,,,,,,,,,,,,,,,,,,,,,,,,,,,,,,,,,,,,,,,,,,,,,,,,,,,,,,,,,,,,,,,,,,,,,,,,,,,,,,2.87%,2.87%,3.03%,2.89%,2.22%,2.09%,2.22%,2.21%,2.10%,1.97%,1.46%,1.37%,1.58%,1.45%,1.58%,1.55%,1.53%,1.52%,6.48%,,2.03%
Chad ,,,,,,,,,,,,,,,,,,,,,,,,,,,,,,,,,,,,,,,,,,,,,,,,,,,,,,,,,,,,,,,,,,,,,,,,,,,,,,,,,,,,,,,,,,,,,,,,,,,,,,,,,,,,,,,,,,,,,,,,,,,,,,,,,,,,,,,,,,,,,,,,,,,,,,,,,,,,,,,,,,,,,,,,,,,,,,,,,,,,,,3.15%,3.83%,1.83%,1.83%,4.12%,4.07%,2.94%,2.95%,3.02%,2.99%,2.94%,3.09%,3.60%,3.94%,3.28%,2.61%,2.42%,2.26%,2.13%,,3.05%
Comoro Islands ,,,,,,,,,,,,,,,,,,,,,,,,,,,,,,,,,,,,,,,,,,,,,,,,,,,,,,,,,,,,,,,,,,,,,,,,,,,,,,,,,,,,,,,,,,,,,,,,,,,,,,,,,,,,,,,,,,,,,,,,,,,,,,,,,,,,,,,,,,,,,,,,,,,,,,,,,,,,,,,,,,,,,,,,,,,,,,,,,,,,,,2.85%,2.90%,2.94%,2.98%,3.01%,3.03%,3.04%,3.04%,3.04%,3.05%,3.04%,3.01%,2.98%,2.95%,2.93%,2.90%,2.86%,2.82%,2.73%,,2.96%
Congo 'Brazzaville',,,,,,,,,,,,,,,,,,,,,,,,,,,,,,,,,,,,,,,,,,,,,,,,,,,,,,,,,,,,,,,,,,,,,,,,,,,,,,,,,,,,,,,,,,,,,,,,,,,,,,,,,,,,,,,,,,,,,,,,,,,,,,,,,,,,,,,,,,,,,,,,,,,,,,,,,,,,,,,,,,,,,,,,,,,,,,,,,,,,,,3.10%,3.08%,3.21%,3.22%,3.05%,3.02%,2.57%,2.73%,3.16%,4.33%,4.29%,2.75%,2.49%,2.59%,2.82%,2.74%,2.62%,2.66%,2.73%,,3.02%
Côte d'Ivoire,,,,,,,,,,,,,,,,,,,,,,,,,,,,,,,,,,,,,,,,,,,,,,,,,,,,,,,,,,,,,,,,,,,,,,,,,,,,,,,,,,,,,,,,,,,,,,,,,,,,,,,,,,,,,,,,,,,,,,,,,,,,,,,,,,,,,,,,,,,,,,,,,,,,,,,,,,,,,,,,,,,,,,,,,,,,,,,,,,,,,,4.30%,2.89%,3.21%,3.68%,3.19%,2.89%,2.61%,2.26%,2.53%,2.57%,2.49%,2.15%,2.13%,2.39%,2.22%,2.12%,2.15%,2.17%,2.14%,,2.66%
Djibouti,,,,,,,,,,,,,,,,,,,,,,,,,,,,,,,,,,,,,,,,,,,,,,,,,,,,,,,,,,,,,,,,,,,,,,,,,,,,,,,,,,,,,,,,,,,,,,,,,,,,,,,,,,,,,,,,,,,,,,,,,,,,,,,,,,,,,,,,,,,,,,,,,,,,,,,,,,,,,,,,,,,,,,,,,,,,,,,,,,,,,,2.47%,2.35%,2.34%,2.33%,1.68%,1.04%,1.03%,1.02%,1.01%,1.01%,1.60%,2.18%,2.15%,2.11%,2.08%,2.04%,2.00%,1.96%,35.92%,,1.80%
Egypt ,,,,,,,,,,,,,,,,,,,,,,,,,,,,,,,,,,,,,,,,,,,,,,,,,,,,,,,,,,,,,,,,,,,,,,,,,,,,,,,,,,,,,,,,,,,,,,,,,,,,,,,,,,,,,,,,,,,,,,,,,,,,,,,,,,,,,,,,,,,,,,,,,,,,,,,,,,,,,,,,,,,,,,,,,,,,,,,,,,,,,,2.52%,2.15%,2.13%,2.13%,2.14%,2.17%,2.19%,2.20%,2.15%,2.05%,1.99%,1.95%,1.91%,1.86%,1.82%,1.77%,1.74%,1.70%,-3.55%,,2.03%
Equatorial Guinea ,,,,,,,,,,,,,,,,,,,,,,,,,,,,,,,,,,,,,,,,,,,,,,,,,,,,,,,,,,,,,,,,,,,,,,,,,,,,,,,,,,,,,,,,,,,,,,,,,,,,,,,,,,,,,,,,,,,,,,,,,,,,,,,,,,,,,,,,,,,,,,,,,,,,,,,,,,,,,,,,,,,,,,,,,,,,,,,,,,,,,,2.73%,2.75%,2.77%,2.79%,2.80%,2.82%,2.83%,2.85%,2.86%,2.88%,2.89%,2.89%,2.87%,2.85%,2.83%,2.80%,2.77%,2.75%,2.65%,,2.82%
Eritrea and Ethiopia ,,,,,,,,,,,,,,,,,,,,,,,,,,,,,,,,,,,,,,,,,,,,,,,,,,,,,,,,,,,,,,,,,,,,,,,,,,,,,,,,,,,,,,,,,,,,,,,,,,,,,,,,,,,,,,,,,,,,,,,,,,,,,,,,,,,,,,,,,,,,,,,,,,,,,,,,,,,,,,,,,,,,,,,,,,,,,,,,,,,,,,3.19%,2.88%,2.29%,2.44%,2.92%,3.02%,2.79%,2.83%,2.92%,2.97%,3.02%,3.12%,3.21%,3.25%,3.18%,3.17%,3.18%,3.18%,3.17%,,2.98%
Gabon,,,,,,,,,,,,,,,,,,,,,,,,,,,,,,,,,,,,,,,,,,,,,,,,,,,,,,,,,,,,,,,,,,,,,,,,,,,,,,,,,,,,,,,,,,,,,,,,,,,,,,,,,,,,,,,,,,,,,,,,,,,,,,,,,,,,,,,,,,,,,,,,,,,,,,,,,,,,,,,,,,,,,,,,,,,,,,,,,,,,,,2.35%,2.67%,2.68%,2.69%,2.68%,2.64%,2.63%,2.65%,3.27%,3.35%,2.61%,2.43%,2.45%,2.36%,2.27%,2.18%,2.09%,2.00%,1.94%,,2.55%
Gambia ,,,,,,,,,,,,,,,,,,,,,,,,,,,,,,,,,,,,,,,,,,,,,,,,,,,,,,,,,,,,,,,,,,,,,,,,,,,,,,,,,,,,,,,,,,,,,,,,,,,,,,,,,,,,,,,,,,,,,,,,,,,,,,,,,,,,,,,,,,,,,,,,,,,,,,,,,,,,,,,,,,,,,,,,,,,,,,,,,,,,,,3.85%,3.86%,3.88%,3.83%,3.74%,3.65%,3.56%,3.47%,3.39%,3.30%,3.22%,3.14%,3.07%,3.00%,2.93%,2.87%,2.81%,2.75%,2.42%,,3.35%
Ghana,,,,,,,,,,,,,,,,,,,,,,,,,,,,,,,,,,,,,,,,,,,,,,,,,,,,,,,,,,,,,,,,,,,,,,,,,,,,,,,,,,,,,,,,,,,,,,,,,,,,,,,,,,,,,,,,,,,,,,,,,,,,,,,,,,,,,,,,,,,,,,,,,,,,,,,,,,,,,,,,,,,,,,,,,,,,,,,,,,,,,,2.83%,2.77%,3.09%,2.91%,2.30%,2.12%,2.10%,2.19%,2.20%,2.21%,2.21%,2.27%,2.26%,2.16%,2.08%,2.04%,1.99%,1.95%,2.14%,,2.32%
Guinea ,,,,,,,,,,,,,,,,,,,,,,,,,,,,,,,,,,,,,,,,,,,,,,,,,,,,,,,,,,,,,,,,,,,,,,,,,,,,,,,,,,,,,,,,,,,,,,,,,,,,,,,,,,,,,,,,,,,,,,,,,,,,,,,,,,,,,,,,,,,,,,,,,,,,,,,,,,,,,,,,,,,,,,,,,,,,,,,,,,,,,,6.85%,3.72%,2.74%,3.10%,3.22%,3.38%,1.16%,1.47%,3.09%,2.38%,0.79%,1.22%,2.72%,2.44%,2.01%,2.08%,2.36%,2.45%,2.53%,,2.62%
Guinea Bissau ,,,,,,,,,,,,,,,,,,,,,,,,,,,,,,,,,,,,,,,,,,,,,,,,,,,,,,,,,,,,,,,,,,,,,,,,,,,,,,,,,,,,,,,,,,,,,,,,,,,,,,,,,,,,,,,,,,,,,,,,,,,,,,,,,,,,,,,,,,,,,,,,,,,,,,,,,,,,,,,,,,,,,,,,,,,,,,,,,,,,,,2.40%,2.97%,3.13%,2.91%,2.37%,1.99%,2.36%,2.33%,2.28%,2.25%,2.13%,2.02%,1.99%,1.97%,1.94%,2.00%,2.06%,2.04%,2.03%,,2.29%
Kenya,,,,,,,,,,,,,,,,,,,,,,,,,,,,,,,,,,,,,,,,,,,,,,,,,,,,,,,,,,,,,,,,,,,,,,,,,,,,,,,,,,,,,,,,,,,,,,,,,,,,,,,,,,,,,,,,,,,,,,,,,,,,,,,,,,,,,,,,,,,,,,,,,,,,,,,,,,,,,,,,,,,,,,,,,,,,,,,,,,,,,,3.23%,3.65%,3.14%,2.44%,2.50%,2.43%,2.38%,2.31%,2.28%,2.36%,2.56%,2.70%,2.72%,2.76%,2.74%,2.77%,2.81%,2.78%,2.73%,,2.70%
Lesotho,,,,,,,,,,,,,,,,,,,,,,,,,,,,,,,,,,,,,,,,,,,,,,,,,,,,,,,,,,,,,,,,,,,,,,,,,,,,,,,,,,,,,,,,,,,,,,,,,,,,,,,,,,,,,,,,,,,,,,,,,,,,,,,,,,,,,,,,,,,,,,,,,,,,,,,,,,,,,,,,,,,,,,,,,,,,,,,,,,,,,,2.35%,2.25%,2.19%,2.11%,2.00%,1.86%,1.71%,1.51%,1.30%,1.07%,0.84%,0.63%,0.44%,0.29%,0.21%,0.18%,0.16%,0.14%,-10.50%,,1.18%
Liberia,,,,,,,,,,,,,,,,,,,,,,,,,,,,,,,,,,,,,,,,,,,,,,,,,,,,,,,,,,,,,,,,,,,,,,,,,,,,,,,,,,,,,,,,,,,,,,,,,,,,,,,,,,,,,,,,,,,,,,,,,,,,,,,,,,,,,,,,,,,,,,,,,,,,,,,,,,,,,,,,,,,,,,,,,,,,,,,,,,,,,,-15.27%,5.15%,3.92%,-0.78%,0.04%,2.52%,8.31%,10.94%,5.65%,3.64%,2.36%,2.04%,-0.16%,-0.09%,3.26%,4.77%,4.87%,4.25%,7.19%,,2.52%
Libya ,,,,,,,,,,,,,,,,,,,,,,,,,,,,,,,,,,,,,,,,,,,,,,,,,,,,,,,,,,,,,,,,,,,,,,,,,,,,,,,,,,,,,,,,,,,,,,,,,,,,,,,,,,,,,,,,,,,,,,,,,,,,,,,,,,,,,,,,,,,,,,,,,,,,,,,,,,,,,,,,,,,,,,,,,,,,,,,,,,,,,,2.68%,2.60%,2.52%,2.41%,1.50%,0.69%,1.55%,2.39%,2.41%,2.41%,2.42%,2.41%,2.40%,2.38%,2.35%,2.32%,2.28%,2.24%,2.41%,,2.22%
Madagascar,,,,,,,,,,,,,,,,,,,,,,,,,,,,,,,,,,,,,,,,,,,,,,,,,,,,,,,,,,,,,,,,,,,,,,,,,,,,,,,,,,,,,,,,,,,,,,,,,,,,,,,,,,,,,,,,,,,,,,,,,,,,,,,,,,,,,,,,,,,,,,,,,,,,,,,,,,,,,,,,,,,,,,,,,,,,,,,,,,,,,,3.01%,3.02%,3.03%,3.03%,3.03%,3.03%,3.02%,3.01%,3.02%,3.04%,3.03%,3.03%,3.02%,3.02%,3.02%,3.01%,3.01%,3.01%,3.01%,,3.02%
Malawi,,,,,,,,,,,,,,,,,,,,,,,,,,,,,,,,,,,,,,,,,,,,,,,,,,,,,,,,,,,,,,,,,,,,,,,,,,,,,,,,,,,,,,,,,,,,,,,,,,,,,,,,,,,,,,,,,,,,,,,,,,,,,,,,,,,,,,,,,,,,,,,,,,,,,,,,,,,,,,,,,,,,,,,,,,,,,,,,,,,,,,3.94%,3.70%,1.75%,-1.72%,-0.71%,2.27%,2.61%,2.53%,2.47%,2.40%,2.34%,2.31%,2.29%,2.30%,2.32%,2.35%,2.38%,2.39%,7.58%,,2.11%
Mali,,,,,,,,,,,,,,,,,,,,,,,,,,,,,,,,,,,,,,,,,,,,,,,,,,,,,,,,,,,,,,,,,,,,,,,,,,,,,,,,,,,,,,,,,,,,,,,,,,,,,,,,,,,,,,,,,,,,,,,,,,,,,,,,,,,,,,,,,,,,,,,,,,,,,,,,,,,,,,,,,,,,,,,,,,,,,,,,,,,,,,2.00%,2.04%,2.07%,2.10%,2.14%,2.20%,2.24%,2.28%,2.32%,2.36%,2.42%,2.45%,2.48%,2.52%,2.57%,2.61%,2.66%,2.70%,8.69%,,2.34%
Mauritania ,,,,,,,,,,,,,,,,,,,,,,,,,,,,,,,,,,,,,,,,,,,,,,,,,,,,,,,,,,,,,,,,,,,,,,,,,,,,,,,,,,,,,,,,,,,,,,,,,,,,,,,,,,,,,,,,,,,,,,,,,,,,,,,,,,,,,,,,,,,,,,,,,,,,,,,,,,,,,,,,,,,,,,,,,,,,,,,,,,,,,,2.49%,3.46%,3.67%,2.98%,2.33%,1.59%,1.94%,2.51%,2.61%,2.59%,2.56%,2.54%,2.53%,2.51%,2.50%,2.48%,2.46%,2.43%,2.40%,,2.57%
Mauritius ,,,,,,,,,,,,,,,,,,,,,,,,,,,,,,,,,,,,,,,,,,,,,,,,,,,,,,,,,,,,,,,,,,,,,,,,,,,,,,,,,,,,,,,,,,,,,,,,,,,,,,,,,,,,,,,,,,,,,,,,,,,,,,,,,,,,,,,,,,,,,,,,,,,,,,,,,,,,,,,,,,,,,,,,,,,,,,,,,,,,,,0.95%,1.21%,1.27%,1.15%,1.06%,1.08%,1.14%,1.07%,1.07%,1.09%,1.00%,0.97%,0.94%,0.90%,0.87%,0.85%,0.83%,0.81%,0.77%,,1.01%
Morocco ,,,,,,,,,,,,,,,,,,,,,,,,,,,,,,,,,,,,,,,,,,,,,,,,,,,,,,,,,,,,,,,,,,,,,,,,,,,,,,,,,,,,,,,,,,,,,,,,,,,,,,,,,,,,,,,,,,,,,,,,,,,,,,,,,,,,,,,,,,,,,,,,,,,,,,,,,,,,,,,,,,,,,,,,,,,,,,,,,,,,,,2.24%,2.17%,2.12%,2.07%,2.01%,1.96%,1.91%,1.86%,1.81%,1.76%,1.72%,1.69%,1.66%,1.63%,1.59%,1.56%,1.54%,1.52%,-9.33%,,1.82%
Mozambique,,,,,,,,,,,,,,,,,,,,,,,,,,,,,,,,,,,,,,,,,,,,,,,,,,,,,,,,,,,,,,,,,,,,,,,,,,,,,,,,,,,,,,,,,,,,,,,,,,,,,,,,,,,,,,,,,,,,,,,,,,,,,,,,,,,,,,,,,,,,,,,,,,,,,,,,,,,,,,,,,,,,,,,,,,,,,,,,,,,,,,2.10%,1.88%,3.81%,7.66%,6.44%,3.33%,2.79%,2.71%,2.62%,2.50%,2.37%,2.24%,2.11%,1.99%,1.91%,1.85%,1.81%,1.80%,1.79%,,2.88%
Namibia ,,,,,,,,,,,,,,,,,,,,,,,,,,,,,,,,,,,,,,,,,,,,,,,,,,,,,,,,,,,,,,,,,,,,,,,,,,,,,,,,,,,,,,,,,,,,,,,,,,,,,,,,,,,,,,,,,,,,,,,,,,,,,,,,,,,,,,,,,,,,,,,,,,,,,,,,,,,,,,,,,,,,,,,,,,,,,,,,,,,,,,2.78%,2.64%,2.71%,2.67%,2.60%,2.52%,2.40%,2.26%,2.20%,2.50%,2.18%,1.31%,1.15%,1.16%,1.08%,1.02%,0.97%,0.94%,0.97%,,1.95%
Niger,,,,,,,,,,,,,,,,,,,,,,,,,,,,,,,,,,,,,,,,,,,,,,,,,,,,,,,,,,,,,,,,,,,,,,,,,,,,,,,,,,,,,,,,,,,,,,,,,,,,,,,,,,,,,,,,,,,,,,,,,,,,,,,,,,,,,,,,,,,,,,,,,,,,,,,,,,,,,,,,,,,,,,,,,,,,,,,,,,,,,,3.06%,3.09%,3.19%,3.24%,3.39%,3.48%,3.37%,3.44%,3.54%,3.61%,3.68%,3.71%,3.72%,3.73%,3.74%,3.75%,3.74%,3.71%,3.69%,,3.51%
Nigeria,,,,,,,,,,,,,,,,,,,,,,,,,,,,,,,,,,,,,,,,,,,,,,,,,,,,,,,,,,,,,,,,,,,,,,,,,,,,,,,,,,,,,,,,,,,,,,,,,,,,,,,,,,,,,,,,,,,,,,,,,,,,,,,,,,,,,,,,,,,,,,,,,,,,,,,,,,,,,,,,,,,,,,,,,,,,,,,,,,,,,,2.54%,2.52%,2.50%,2.48%,2.45%,2.42%,2.39%,2.36%,2.33%,2.31%,2.28%,2.24%,2.20%,2.16%,2.12%,2.09%,2.05%,2.03%,2.01%,,2.30%
Rwanda,,,,,,,,,,,,,,,,,,,,,,,,,,,,,,,,,,,,,,,,,,,,,,,,,,,,,,,,,,,,,,,,,,,,,,,,,,,,,,,,,,,,,,,,,,,,,,,,,,,,,,,,,,,,,,,,,,,,,,,,,,,,,,,,,,,,,,,,,,,,,,,,,,,,,,,,,,,,,,,,,,,,,,,,,,,,,,,,,,,,,,1.98%,2.07%,3.90%,-18.80%,-13.73%,17.59%,15.21%,4.84%,2.06%,1.90%,2.26%,2.55%,2.40%,2.56%,2.71%,2.73%,2.76%,2.77%,5.35%,,2.10%
São Tomé and Principe ,,,,,,,,,,,,,,,,,,,,,,,,,,,,,,,,,,,,,,,,,,,,,,,,,,,,,,,,,,,,,,,,,,,,,,,,,,,,,,,,,,,,,,,,,,,,,,,,,,,,,,,,,,,,,,,,,,,,,,,,,,,,,,,,,,,,,,,,,,,,,,,,,,,,,,,,,,,,,,,,,,,,,,,,,,,,,,,,,,,,,,2.60%,2.67%,2.76%,2.85%,2.93%,3.00%,3.06%,3.10%,3.14%,3.16%,3.18%,3.20%,3.20%,3.19%,3.18%,3.16%,3.15%,3.13%,-18.12%,,3.04%
Senegal ,,,,,,,,,,,,,,,,,,,,,,,,,,,,,,,,,,,,,,,,,,,,,,,,,,,,,,,,,,,,,,,,,,,,,,,,,,,,,,,,,,,,,,,,,,,,,,,,,,,,,,,,,,,,,,,,,,,,,,,,,,,,,,,,,,,,,,,,,,,,,,,,,,,,,,,,,,,,,,,,,,,,,,,,,,,,,,,,,,,,,,3.17%,3.07%,2.95%,2.92%,2.92%,2.90%,2.81%,2.87%,2.67%,2.59%,2.79%,2.78%,2.79%,2.81%,2.80%,2.79%,2.77%,2.75%,2.72%,,2.84%
Seychelles,,,,,,,,,,,,,,,,,,,,,,,,,,,,,,,,,,,,,,,,,,,,,,,,,,,,,,,,,,,,,,,,,,,,,,,,,,,,,,,,,,,,,,,,,,,,,,,,,,,,,,,,,,,,,,,,,,,,,,,,,,,,,,,,,,,,,,,,,,,,,,,,,,,,,,,,,,,,,,,,,,,,,,,,,,,,,,,,,,,,,,1.19%,1.18%,1.12%,1.11%,1.07%,1.04%,0.91%,1.00%,1.24%,1.30%,1.27%,1.18%,1.13%,1.12%,1.10%,1.08%,1.06%,1.04%,0.47%,,1.12%
Sierra Leone,,,,,,,,,,,,,,,,,,,,,,,,,,,,,,,,,,,,,,,,,,,,,,,,,,,,,,,,,,,,,,,,,,,,,,,,,,,,,,,,,,,,,,,,,,,,,,,,,,,,,,,,,,,,,,,,,,,,,,,,,,,,,,,,,,,,,,,,,,,,,,,,,,,,,,,,,,,,,,,,,,,,,,,,,,,,,,,,,,,,,,2.65%,-1.69%,-1.10%,2.28%,1.62%,1.29%,3.09%,2.05%,0.56%,2.30%,5.48%,5.33%,3.75%,2.97%,2.33%,2.33%,2.30%,2.29%,-20.42%,,2.21%
Somalia ,,,,,,,,,,,,,,,,,,,,,,,,,,,,,,,,,,,,,,,,,,,,,,,,,,,,,,,,,,,,,,,,,,,,,,,,,,,,,,,,,,,,,,,,,,,,,,,,,,,,,,,,,,,,,,,,,,,,,,,,,,,,,,,,,,,,,,,,,,,,,,,,,,,,,,,,,,,,,,,,,,,,,,,,,,,,,,,,,,,,,,-3.46%,-5.54%,-0.25%,2.64%,2.15%,2.68%,2.65%,3.12%,2.91%,2.95%,3.21%,3.48%,3.45%,3.43%,3.40%,3.12%,2.85%,2.83%,2.82%,,1.98%
South Africa ,,,,,,,,,,,,,,,,,,,,,,,,,,,,,,,,,,,,,,,,,,,,,,,,,,,,,,,,,,,,,,,,,,,,,,,,,,,,,,,,,,,,,,,,,,,,,,,,,,,,,,,,,,,,,,,,,,,,,,,,,,,,,,,,,,,,,,,,,,,,,,,,,,,,,,,,,,,,,,,,,,,,,,,,,,,,,,,,,,,,,,2.12%,1.99%,2.10%,1.75%,1.35%,1.33%,1.30%,1.39%,1.28%,1.20%,1.13%,1.09%,1.06%,1.00%,0.95%,0.93%,0.92%,0.86%,0.55%,,1.32%
Sudan ,,,,,,,,,,,,,,,,,,,,,,,,,,,,,,,,,,,,,,,,,,,,,,,,,,,,,,,,,,,,,,,,,,,,,,,,,,,,,,,,,,,,,,,,,,,,,,,,,,,,,,,,,,,,,,,,,,,,,,,,,,,,,,,,,,,,,,,,,,,,,,,,,,,,,,,,,,,,,,,,,,,,,,,,,,,,,,,,,,,,,,3.37%,3.31%,2.59%,2.65%,2.66%,2.20%,2.48%,2.89%,2.53%,2.51%,2.51%,2.38%,1.89%,1.37%,1.78%,2.13%,2.07%,2.11%,2.14%,,2.41%
Swaziland,,,,,,,,,,,,,,,,,,,,,,,,,,,,,,,,,,,,,,,,,,,,,,,,,,,,,,,,,,,,,,,,,,,,,,,,,,,,,,,,,,,,,,,,,,,,,,,,,,,,,,,,,,,,,,,,,,,,,,,,,,,,,,,,,,,,,,,,,,,,,,,,,,,,,,,,,,,,,,,,,,,,,,,,,,,,,,,,,,,,,,4.54%,3.88%,3.02%,0.58%,0.72%,2.54%,2.29%,2.01%,1.71%,1.39%,1.07%,0.76%,0.48%,0.22%,0.00%,-0.17%,-0.29%,-0.38%,16.93%,,1.35%
Tanzania ,,,,,,,,,,,,,,,,,,,,,,,,,,,,,,,,,,,,,,,,,,,,,,,,,,,,,,,,,,,,,,,,,,,,,,,,,,,,,,,,,,,,,,,,,,,,,,,,,,,,,,,,,,,,,,,,,,,,,,,,,,,,,,,,,,,,,,,,,,,,,,,,,,,,,,,,,,,,,,,,,,,,,,,,,,,,,,,,,,,,,,2.96%,3.01%,3.41%,3.90%,3.26%,2.13%,2.28%,2.72%,2.65%,2.72%,2.50%,2.33%,2.28%,2.16%,2.09%,2.09%,2.09%,2.08%,2.06%,,2.59%
Togo,,,,,,,,,,,,,,,,,,,,,,,,,,,,,,,,,,,,,,,,,,,,,,,,,,,,,,,,,,,,,,,,,,,,,,,,,,,,,,,,,,,,,,,,,,,,,,,,,,,,,,,,,,,,,,,,,,,,,,,,,,,,,,,,,,,,,,,,,,,,,,,,,,,,,,,,,,,,,,,,,,,,,,,,,,,,,,,,,,,,,,3.39%,3.31%,-0.58%,0.65%,5.58%,4.74%,3.84%,3.05%,2.83%,2.78%,2.75%,2.73%,2.72%,2.72%,2.72%,2.72%,2.72%,2.72%,2.92%,,2.85%
Tunisia ,,,,,,,,,,,,,,,,,,,,,,,,,,,,,,,,,,,,,,,,,,,,,,,,,,,,,,,,,,,,,,,,,,,,,,,,,,,,,,,,,,,,,,,,,,,,,,,,,,,,,,,,,,,,,,,,,,,,,,,,,,,,,,,,,,,,,,,,,,,,,,,,,,,,,,,,,,,,,,,,,,,,,,,,,,,,,,,,,,,,,,1.90%,1.87%,1.83%,1.73%,1.58%,1.47%,1.38%,1.26%,1.17%,1.10%,1.08%,1.06%,1.05%,1.02%,1.00%,0.99%,0.99%,0.99%,0.98%,,1.30%
Uganda ,,,,,,,,,,,,,,,,,,,,,,,,,,,,,,,,,,,,,,,,,,,,,,,,,,,,,,,,,,,,,,,,,,,,,,,,,,,,,,,,,,,,,,,,,,,,,,,,,,,,,,,,,,,,,,,,,,,,,,,,,,,,,,,,,,,,,,,,,,,,,,,,,,,,,,,,,,,,,,,,,,,,,,,,,,,,,,,,,,,,,,3.53%,3.52%,3.64%,3.56%,2.75%,2.67%,2.84%,2.89%,3.17%,3.09%,3.02%,3.11%,3.29%,3.41%,3.48%,3.51%,3.55%,3.59%,3.14%,,3.26%
Zaire (Congo Kinshasa),,,,,,,,,,,,,,,,,,,,,,,,,,,,,,,,,,,,,,,,,,,,,,,,,,,,,,,,,,,,,,,,,,,,,,,,,,,,,,,,,,,,,,,,,,,,,,,,,,,,,,,,,,,,,,,,,,,,,,,,,,,,,,,,,,,,,,,,,,,,,,,,,,,,,,,,,,,,,,,,,,,,,,,,,,,,,,,,,,,,,,3.32%,3.12%,3.26%,3.34%,3.99%,1.92%,1.14%,2.11%,3.08%,3.06%,3.13%,3.14%,3.01%,3.02%,3.10%,3.10%,3.18%,3.25%,3.22%,,2.96%
Zambia ,,,,,,,,,,,,,,,,,,,,,,,,,,,,,,,,,,,,,,,,,,,,,,,,,,,,,,,,,,,,,,,,,,,,,,,,,,,,,,,,,,,,,,,,,,,,,,,,,,,,,,,,,,,,,,,,,,,,,,,,,,,,,,,,,,,,,,,,,,,,,,,,,,,,,,,,,,,,,,,,,,,,,,,,,,,,,,,,,,,,,,2.90%,2.79%,2.64%,2.52%,2.34%,2.22%,2.37%,2.29%,2.21%,2.36%,2.27%,1.83%,1.56%,1.49%,1.39%,1.54%,1.66%,1.66%,1.64%,,2.11%
Zimbabwe,,,,,,,,,,,,,,,,,,,,,,,,,,,,,,,,,,,,,,,,,,,,,,,,,,,,,,,,,,,,,,,,,,,,,,,,,,,,,,,,,,,,,,,,,,,,,,,,,,,,,,,,,,,,,,,,,,,,,,,,,,,,,,,,,,,,,,,,,,,,,,,,,,,,,,,,,,,,,,,,,,,,,,,,,,,,,,,,,,,,,,2.73%,2.67%,2.36%,1.00%,0.66%,1.40%,1.34%,1.19%,1.08%,0.74%,0.40%,-0.02%,-0.43%,-0.68%,-0.82%,-0.82%,-0.88%,-0.82%,0.38%,,0.62%
Total 3 Small African countries,,,,,,,,,,,,,,,,,,,,,,,,,,,,,,,,,,,,,,,,,,,,,,,,,,,,,,,,,,,,,,,,,,,,,,,,,,,,,,,,,,,,,,,,,,,,,,,,,,,,,,,,,,,,,,,,,,,,,,,,,,,,,,,,,,,,,,,,,,,,,,,,,,,,,,,,,,,,,,,,,,,,,,,,,,,,,,,,,,,,,,4.09%,4.09%,4.07%,4.04%,4.02%,3.97%,3.91%,3.85%,3.79%,3.73%,3.65%,3.57%,3.48%,3.40%,3.32%,3.24%,3.17%,3.09%,13.64%,,3.69%
Total Africa ,,,,,,,,,,,,,,,,,,,,,,,,,,,,,,,,,,,,,,,,,,,,,,,,,,,,,,,,,,,,,,,,,,,,,,,,,,,,,,,,,,,,,,,,,,,,,,,,,,,,,,,,,,,,,,,,,,,,,,,,,,,,,,,,,,,,,,,,,,,,,,,,,,,,,,,,,,,,,,,,,,,,,,,,,,,,,,,,,,,,,,2.73%,2.63%,2.55%,2.38%,2.49%,2.46%,2.37%,2.39%,2.39%,2.37%,2.36%,2.36%,2.32%,2.27%,2.27%,2.26%,2.26%,2.26%,1.62%,,2.40%
,,,,,,,,,,,,,,,,,,,,,,,,,,,,,,,,,,,,,,,,,,,,,,,,,,,,,,,,,,,,,,,,,,,,,,,,,,,,,,,,,,,,,,,,,,,,,,,,,,,,,,,,,,,,,,,,,,,,,,,,,,,,,,,,,,,,,,,,,,,,,,,,,,,,,,,,,,,,,,,,,,,,,,,,,,,,,,,,,,,,,,,,,,,,,,,,,,,,,,,,,,
,,,,,,,,,,,,,,,,,,,,,,,,,,,,,,,,,,,,,,,,,,,,,,,,,,,,,,,,,,,,,,,,,,,,,,,,,,,,,,,,,,,,,,,,,,,,,,,,,,,,,,,,,,,,,,,,,,,,,,,,,,,,,,,,,,,,,,,,,,,,,,,,,,,,,,,,,,,,,,,,,,,,,,,,,,,,,,,,,,,,,,,,,,,,,,,,,,,,,,,,,,
,,,,,,,,,,,,,,,,,,,,,,,,,,,,,,,,,,,,,,,,,,,,,,,,,,,,,,,,,,,,,,,,,,,,,,,,,,,,,,,,,,,,,,,,,,,,,,,,,,,,,,,,,,,,,,,,,,,,,,,,,,,,,,,,,,,,,,,,,,,,,,,,,,,,,,,,,,,,,,,,,,,,,,,,,,,,,,,,,,,,,,,,,,,,,,,,,,,,,,,,,,
World Total,,,,,,,,,,,,,,,,,,,,,,,,,,,,,,,,,,,,,,,,,,,,,,,,,,,,,,,,,,,,,,,,,,,,,,,,,,,,,,,,,,,,,,,,,,,,,,,,,,,,,,,,,,,,,,,,,,,,,,,,,,,,,,,,,,,,,,,,,,,,,,,,,,,,,,,,,,,,,,,,,,,,,,,,,,,,,,,,,,,,,,1.56%,1.55%,1.50%,1.46%,1.46%,1.41%,1.38%,1.35%,1.31%,1.27%,1.28%,1.24%,1.22%,1.04%,1.39%,1.19%,1.16%,1.17%,1.03%,,1.33%
,,,,,,,,,,,,,,,,,,,,,,,,,,,,,,,,,,,,,,,,,,,,,,,,,,,,,,,,,,,,,,,,,,,,,,,,,,,,,,,,,,,,,,,,,,,,,,,,,,,,,,,,,,,,,,,,,,,,,,,,,,,,,,,,,,,,,,,,,,,,,,,,,,,,,,,,,,,,,,,,,,,,,,,,,,,,,,,,,,,,,,,,,,,,,,,,,,,,,,,,,,
,,,,,,,,,,,,,,,,,,,,,,,,,,,,,,,,,,,,,,,,,,,,,,,,,,,,,,,,,,,,,,,,,,,,,,,,,,,,,,,,,,,,,,,,,,,,,,,,,,,,,,,,,,,,,,,,,,,,,,,,,,,,,,,,,,,,,,,,,,,,,,,,,,,,,,,,,,,,,,,,,,,,,,,,,,,,,,,,,,,,,,,,,,,,,,,,,,,,,,,,,,
,,,,,,,,,,,,,,,,,,,,,,,,,,,,,,,,,,,,,,,,,,,,,,,,,,,,,,,,,,,,,,,,,,,,,,,,,,,,,,,,,,,,,,,,,,,,,,,,,,,,,,,,,,,,,,,,,,,,,,,,,,,,,,,,,,,,,,,,,,,,,,,,,,,,,,,,,,,,,,,,,,,,,,,,,,,,,,,,,,,,,,,,,,,,,,,,,,,,,,,,,,
Composition of the Small Country Groups,,,,,,,,,,,,,,,,,,,,,,,,,,,,,,,,,,,,,,,,,,,,,,,,,,,,,,,,,,,,,,,,,,,,,,,,,,,,,,,,,,,,,,,,,,,,,,,,,,,,,,,,,,,,,,,,,,,,,,,,,,,,,,,,,,,,,,,,,,,,,,,,,,,,,,,,,,,,,,,,,,,,,,,,,,,,,,,,,,,,,,,,,,,,,,,,,,,,,,,,,,
Andorra,,,,,,,,,,,,,,,,,,,,,,,,,,,,,,,,,,,,,,,,,,,,,,,,,,,,,,,,,,,,,,,,,,,,,,,,,,,,,,,,,,,,,,,,,,,,,,,,,,,,,,,,,,,,,,,,,,,,,,,,,,,,,,,,,,,,,,,,,,,,,,,,,,,,,,,,,,,,,,,,,,,,,,,,,,,,,,,,,,,,,,6.83%,5.59%,4.64%,2.01%,-0.91%,0.18%,1.09%,1.05%,0.53%,0.04%,0.33%,1.02%,4.15%,6.29%,3.85%,2.81%,3.10%,2.29%,1.65%,,2.49%
Cyprus,,,,,,,,,,,,,,,,,,,,,,,,,,,,,,,,,,,,,,,,,,,,,,,,,,,,,,,,,,,,,,,,,,,,,,,,,,,,,,,,,,,,,,,,,,,,,,,,,,,,,,,,,,,,,,,,,,,,,,,,,,,,,,,,,,,,,,,,,,,,,,,,,,,,,,,,,,,,,,,,,,,,,,,,,,,,,,,,,,,,,,1.83%,1.91%,1.61%,1.10%,0.88%,0.74%,0.69%,0.68%,0.65%,0.62%,0.59%,0.58%,0.56%,0.55%,0.54%,0.53%,0.53%,0.52%,31.40%,,0.84%
Faeroe Islands,,,,,,,,,,,,,,,,,,,,,,,,,,,,,,,,,,,,,,,,,,,,,,,,,,,,,,,,,,,,,,,,,,,,,,,,,,,,,,,,,,,,,,,,,,,,,,,,,,,,,,,,,,,,,,,,,,,,,,,,,,,,,,,,,,,,,,,,,,,,,,,,,,,,,,,,,,,,,,,,,,,,,,,,,,,,,,,,,,,,,,0.28%,0.44%,-3.61%,-3.49%,-2.20%,0.12%,1.05%,1.16%,1.24%,1.49%,1.72%,1.62%,1.27%,0.70%,0.04%,0.03%,0.35%,0.37%,0.68%,,0.14%
Gibraltar,,,,,,,,,,,,,,,,,,,,,,,,,,,,,,,,,,,,,,,,,,,,,,,,,,,,,,,,,,,,,,,,,,,,,,,,,,,,,,,,,,,,,,,,,,,,,,,,,,,,,,,,,,,,,,,,,,,,,,,,,,,,,,,,,,,,,,,,,,,,,,,,,,,,,,,,,,,,,,,,,,,,,,,,,,,,,,,,,,,,,,-0.31%,-2.52%,0.20%,-2.36%,-0.75%,-0.46%,0.24%,0.30%,0.29%,0.28%,0.26%,0.23%,0.22%,0.21%,0.18%,0.16%,0.14%,0.13%,3.50%,,-0.20%
Greenland,,,,,,,,,,,,,,,,,,,,,,,,,,,,,,,,,,,,,,,,,,,,,,,,,,,,,,,,,,,,,,,,,,,,,,,,,,,,,,,,,,,,,,,,,,,,,,,,,,,,,,,,,,,,,,,,,,,,,,,,,,,,,,,,,,,,,,,,,,,,,,,,,,,,,,,,,,,,,,,,,,,,,,,,,,,,,,,,,,,,,,-0.16%,-0.09%,0.26%,0.51%,0.47%,0.27%,0.30%,0.19%,0.15%,0.34%,0.42%,0.41%,0.31%,0.28%,0.14%,-0.25%,-0.19%,0.06%,0.75%,,0.19%
Guernsey,,,,,,,,,,,,,,,,,,,,,,,,,,,,,,,,,,,,,,,,,,,,,,,,,,,,,,,,,,,,,,,,,,,,,,,,,,,,,,,,,,,,,,,,,,,,,,,,,,,,,,,,,,,,,,,,,,,,,,,,,,,,,,,,,,,,,,,,,,,,,,,,,,,,,,,,,,,,,,,,,,,,,,,,,,,,,,,,,,,,,,-2.15%,0.63%,0.59%,0.53%,0.48%,0.45%,0.46%,0.45%,0.44%,0.43%,0.41%,0.38%,0.36%,0.33%,0.30%,0.28%,0.25%,0.23%,-1.11%,,0.27%
Iceland,,,,,,,,,,,,,,,,,,,,,,,,,,,,,,,,,,,,,,,,,,,,,,,,,,,,,,,,,,,,,,,,,,,,,,,,,,,,,,,,,,,,,,,,,,,,,,,,,,,,,,,,,,,,,,,,,,,,,,,,,,,,,,,,,,,,,,,,,,,,,,,,,,,,,,,,,,,,,,,,,,,,,,,,,,,,,,,,,,,,,,0.83%,0.85%,0.87%,1.82%,0.54%,0.55%,0.81%,1.03%,1.19%,1.35%,1.33%,1.12%,1.05%,0.99%,0.94%,0.89%,0.85%,0.80%,0.86%,,0.99%
Isle of Man,,,,,,,,,,,,,,,,,,,,,,,,,,,,,,,,,,,,,,,,,,,,,,,,,,,,,,,,,,,,,,,,,,,,,,,,,,,,,,,,,,,,,,,,,,,,,,,,,,,,,,,,,,,,,,,,,,,,,,,,,,,,,,,,,,,,,,,,,,,,,,,,,,,,,,,,,,,,,,,,,,,,,,,,,,,,,,,,,,,,,,1.61%,0.85%,0.35%,0.35%,0.42%,0.39%,0.42%,0.46%,0.49%,0.51%,0.53%,0.54%,0.54%,0.54%,0.54%,0.54%,0.54%,0.53%,1.16%,,0.56%
Jersey,,,,,,,,,,,,,,,,,,,,,,,,,,,,,,,,,,,,,,,,,,,,,,,,,,,,,,,,,,,,,,,,,,,,,,,,,,,,,,,,,,,,,,,,,,,,,,,,,,,,,,,,,,,,,,,,,,,,,,,,,,,,,,,,,,,,,,,,,,,,,,,,,,,,,,,,,,,,,,,,,,,,,,,,,,,,,,,,,,,,,,0.74%,0.60%,0.56%,0.55%,0.65%,0.61%,0.61%,0.59%,0.57%,0.54%,0.51%,0.46%,0.42%,0.37%,0.33%,0.30%,0.26%,0.24%,0.62%,,0.50%
Liechtenstein,,,,,,,,,,,,,,,,,,,,,,,,,,,,,,,,,,,,,,,,,,,,,,,,,,,,,,,,,,,,,,,,,,,,,,,,,,,,,,,,,,,,,,,,,,,,,,,,,,,,,,,,,,,,,,,,,,,,,,,,,,,,,,,,,,,,,,,,,,,,,,,,,,,,,,,,,,,,,,,,,,,,,,,,,,,,,,,,,,,,,,1.69%,1.42%,1.54%,1.26%,1.00%,0.83%,0.59%,0.77%,1.06%,1.04%,1.00%,0.96%,0.92%,0.88%,0.84%,0.81%,0.77%,0.74%,1.40%,,1.01%
Luxembourg,,,,,,,,,,,,,,,,,,,,,,,,,,,,,,,,,,,,,,,,,,,,,,,,,,,,,,,,,,,,,,,,,,,,,,,,,,,,,,,,,,,,,,,,,,,,,,,,,,,,,,,,,,,,,,,,,,,,,,,,,,,,,,,,,,,,,,,,,,,,,,,,,,,,,,,,,,,,,,,,,,,,,,,,,,,,,,,,,,,,,,1.09%,1.39%,1.40%,1.41%,1.46%,1.42%,1.30%,1.29%,1.40%,1.43%,1.36%,1.34%,1.32%,1.29%,1.26%,1.24%,1.22%,1.20%,1.23%,,1.32%
Malta,,,,,,,,,,,,,,,,,,,,,,,,,,,,,,,,,,,,,,,,,,,,,,,,,,,,,,,,,,,,,,,,,,,,,,,,,,,,,,,,,,,,,,,,,,,,,,,,,,,,,,,,,,,,,,,,,,,,,,,,,,,,,,,,,,,,,,,,,,,,,,,,,,,,,,,,,,,,,,,,,,,,,,,,,,,,,,,,,,,,,,0.96%,0.91%,1.12%,0.97%,0.88%,0.81%,0.78%,0.69%,0.57%,0.55%,0.49%,0.42%,0.42%,0.42%,0.42%,0.42%,0.42%,0.41%,0.36%,,0.65%
Monaco,,,,,,,,,,,,,,,,,,,,,,,,,,,,,,,,,,,,,,,,,,,,,,,,,,,,,,,,,,,,,,,,,,,,,,,,,,,,,,,,,,,,,,,,,,,,,,,,,,,,,,,,,,,,,,,,,,,,,,,,,,,,,,,,,,,,,,,,,,,,,,,,,,,,,,,,,,,,,,,,,,,,,,,,,,,,,,,,,,,,,,0.61%,0.61%,0.60%,0.60%,0.58%,0.57%,0.55%,0.53%,0.51%,0.49%,0.48%,0.46%,0.45%,0.43%,0.42%,0.41%,0.41%,0.40%,-5.75%,,0.51%
San Marino,,,,,,,,,,,,,,,,,,,,,,,,,,,,,,,,,,,,,,,,,,,,,,,,,,,,,,,,,,,,,,,,,,,,,,,,,,,,,,,,,,,,,,,,,,,,,,,,,,,,,,,,,,,,,,,,,,,,,,,,,,,,,,,,,,,,,,,,,,,,,,,,,,,,,,,,,,,,,,,,,,,,,,,,,,,,,,,,,,,,,,1.29%,1.23%,1.17%,1.11%,1.04%,1.61%,1.70%,1.57%,1.54%,1.51%,1.47%,1.43%,1.39%,1.36%,1.31%,1.28%,1.24%,1.20%,3.37%,,1.36%
Total 14 small WEC countries,,,,,,,,,,,,,,,,,,,,,,,,,,,,,,,,,,,,,,,,,,,,,,,,,,,,,,,,,,,,,,,,,,,,,,,,,,,,,,,,,,,,,,,,,,,,,,,,,,,,,,,,,,,,,,,,,,,,,,,,,,,,,,,,,,,,,,,,,,,,,,,,,,,,,,,,,,,,,,,,,,,,,,,,,,,,,,,,,,,,,,1.26%,1.33%,1.20%,1.03%,0.77%,0.78%,0.82%,0.83%,0.83%,0.84%,0.82%,0.79%,0.84%,0.88%,0.78%,0.73%,0.73%,0.70%,11.40%,,0.89%
,,,,,,,,,,,,,,,,,,,,,,,,,,,,,,,,,,,,,,,,,,,,,,,,,,,,,,,,,,,,,,,,,,,,,,,,,,,,,,,,,,,,,,,,,,,,,,,,,,,,,,,,,,,,,,,,,,,,,,,,,,,,,,,,,,,,,,,,,,,,,,,,,,,,,,,,,,,,,,,,,,,,,,,,,,,,,,,,,,,,,,,,,,,,,,,,,,,,,,,,,,
Anguilla,,,,,,,,,,,,,,,,,,,,,,,,,,,,,,,,,,,,,,,,,,,,,,,,,,,,,,,,,,,,,,,,,,,,,,,,,,,,,,,,,,,,,,,,,,,,,,,,,,,,,,,,,,,,,,,,,,,,,,,,,,,,,,,,,,,,,,,,,,,,,,,,,,,,,,,,,,,,,,,,,,,,,,,,,,,,,,,,,,,,,,3.40%,3.11%,2.97%,3.12%,3.14%,2.93%,2.92%,2.98%,2.98%,3.08%,3.00%,2.84%,2.73%,2.65%,2.58%,2.50%,2.43%,2.36%,-0.77%,,2.87%
Antigua & Barbuda,,,,,,,,,,,,,,,,,,,,,,,,,,,,,,,,,,,,,,,,,,,,,,,,,,,,,,,,,,,,,,,,,,,,,,,,,,,,,,,,,,,,,,,,,,,,,,,,,,,,,,,,,,,,,,,,,,,,,,,,,,,,,,,,,,,,,,,,,,,,,,,,,,,,,,,,,,,,,,,,,,,,,,,,,,,,,,,,,,,,,,-0.21%,1.79%,1.75%,1.72%,1.80%,1.94%,1.98%,1.84%,1.68%,1.79%,1.82%,1.55%,1.44%,1.42%,1.34%,1.30%,1.31%,1.31%,1.73%,,1.53%
Aruba,,,,,,,,,,,,,,,,,,,,,,,,,,,,,,,,,,,,,,,,,,,,,,,,,,,,,,,,,,,,,,,,,,,,,,,,,,,,,,,,,,,,,,,,,,,,,,,,,,,,,,,,,,,,,,,,,,,,,,,,,,,,,,,,,,,,,,,,,,,,,,,,,,,,,,,,,,,,,,,,,,,,,,,,,,,,,,,,,,,,,,5.06%,4.68%,6.39%,4.99%,2.67%,3.81%,3.71%,2.29%,1.19%,0.82%,1.08%,1.31%,1.66%,1.84%,1.57%,1.56%,1.53%,1.51%,1.43%,,2.65%
Bahamas,,,,,,,,,,,,,,,,,,,,,,,,,,,,,,,,,,,,,,,,,,,,,,,,,,,,,,,,,,,,,,,,,,,,,,,,,,,,,,,,,,,,,,,,,,,,,,,,,,,,,,,,,,,,,,,,,,,,,,,,,,,,,,,,,,,,,,,,,,,,,,,,,,,,,,,,,,,,,,,,,,,,,,,,,,,,,,,,,,,,,,1.19%,1.43%,1.54%,1.37%,1.25%,1.18%,1.07%,1.03%,1.00%,0.94%,0.89%,0.84%,0.79%,0.74%,0.70%,0.65%,0.62%,0.59%,0.18%,,0.99%
Barbados,,,,,,,,,,,,,,,,,,,,,,,,,,,,,,,,,,,,,,,,,,,,,,,,,,,,,,,,,,,,,,,,,,,,,,,,,,,,,,,,,,,,,,,,,,,,,,,,,,,,,,,,,,,,,,,,,,,,,,,,,,,,,,,,,,,,,,,,,,,,,,,,,,,,,,,,,,,,,,,,,,,,,,,,,,,,,,,,,,,,,,0.41%,0.48%,0.41%,0.35%,0.39%,0.43%,0.46%,0.46%,0.45%,0.43%,0.45%,0.48%,0.48%,0.46%,0.44%,0.42%,0.41%,0.40%,0.53%,,0.43%
Belize,,,,,,,,,,,,,,,,,,,,,,,,,,,,,,,,,,,,,,,,,,,,,,,,,,,,,,,,,,,,,,,,,,,,,,,,,,,,,,,,,,,,,,,,,,,,,,,,,,,,,,,,,,,,,,,,,,,,,,,,,,,,,,,,,,,,,,,,,,,,,,,,,,,,,,,,,,,,,,,,,,,,,,,,,,,,,,,,,,,,,,2.52%,2.56%,2.59%,2.61%,2.62%,2.64%,2.65%,2.66%,2.67%,2.67%,2.64%,2.58%,2.52%,2.46%,2.40%,2.34%,2.29%,2.24%,2.21%,,2.54%
Bermuda,,,,,,,,,,,,,,,,,,,,,,,,,,,,,,,,,,,,,,,,,,,,,,,,,,,,,,,,,,,,,,,,,,,,,,,,,,,,,,,,,,,,,,,,,,,,,,,,,,,,,,,,,,,,,,,,,,,,,,,,,,,,,,,,,,,,,,,,,,,,,,,,,,,,,,,,,,,,,,,,,,,,,,,,,,,,,,,,,,,,,,0.54%,1.03%,0.92%,0.85%,0.91%,0.95%,0.95%,0.86%,0.85%,0.88%,0.86%,0.90%,0.90%,0.89%,0.87%,0.79%,0.73%,0.70%,0.90%,,0.85%
British Virgin Islands,,,,,,,,,,,,,,,,,,,,,,,,,,,,,,,,,,,,,,,,,,,,,,,,,,,,,,,,,,,,,,,,,,,,,,,,,,,,,,,,,,,,,,,,,,,,,,,,,,,,,,,,,,,,,,,,,,,,,,,,,,,,,,,,,,,,,,,,,,,,,,,,,,,,,,,,,,,,,,,,,,,,,,,,,,,,,,,,,,,,,,3.61%,2.96%,2.74%,2.66%,2.48%,2.45%,2.39%,2.33%,2.29%,2.25%,2.22%,2.18%,2.13%,2.09%,2.04%,2.00%,1.95%,1.91%,-0.17%,,2.37%
Cayman Islands,,,,,,,,,,,,,,,,,,,,,,,,,,,,,,,,,,,,,,,,,,,,,,,,,,,,,,,,,,,,,,,,,,,,,,,,,,,,,,,,,,,,,,,,,,,,,,,,,,,,,,,,,,,,,,,,,,,,,,,,,,,,,,,,,,,,,,,,,,,,,,,,,,,,,,,,,,,,,,,,,,,,,,,,,,,,,,,,,,,,,,4.30%,4.13%,4.54%,4.22%,3.73%,3.60%,3.47%,3.35%,3.24%,3.14%,3.04%,2.94%,2.85%,2.77%,2.69%,2.62%,2.54%,2.48%,2.35%,,3.31%
Dominica,,,,,,,,,,,,,,,,,,,,,,,,,,,,,,,,,,,,,,,,,,,,,,,,,,,,,,,,,,,,,,,,,,,,,,,,,,,,,,,,,,,,,,,,,,,,,,,,,,,,,,,,,,,,,,,,,,,,,,,,,,,,,,,,,,,,,,,,,,,,,,,,,,,,,,,,,,,,,,,,,,,,,,,,,,,,,,,,,,,,,,0.16%,0.22%,0.20%,0.71%,0.70%,-0.60%,-1.01%,-0.35%,0.44%,0.67%,0.55%,0.46%,0.28%,0.28%,0.27%,0.17%,0.18%,0.19%,0.67%,,0.20%
Grenada,,,,,,,,,,,,,,,,,,,,,,,,,,,,,,,,,,,,,,,,,,,,,,,,,,,,,,,,,,,,,,,,,,,,,,,,,,,,,,,,,,,,,,,,,,,,,,,,,,,,,,,,,,,,,,,,,,,,,,,,,,,,,,,,,,,,,,,,,,,,,,,,,,,,,,,,,,,,,,,,,,,,,,,,,,,,,,,,,,,,,,-0.57%,-0.38%,-0.64%,-0.34%,0.01%,-0.26%,-0.40%,-0.34%,-0.25%,-0.17%,-0.09%,-0.01%,0.06%,0.12%,0.17%,0.23%,0.30%,0.37%,16.92%,,-0.12%
Guyana,,,,,,,,,,,,,,,,,,,,,,,,,,,,,,,,,,,,,,,,,,,,,,,,,,,,,,,,,,,,,,,,,,,,,,,,,,,,,,,,,,,,,,,,,,,,,,,,,,,,,,,,,,,,,,,,,,,,,,,,,,,,,,,,,,,,,,,,,,,,,,,,,,,,,,,,,,,,,,,,,,,,,,,,,,,,,,,,,,,,,,-0.28%,-0.18%,-0.02%,0.03%,0.05%,-0.10%,-0.11%,0.25%,0.52%,0.41%,0.25%,0.27%,0.27%,0.27%,0.27%,0.26%,0.24%,0.22%,-2.34%,,0.15%
Montserrat,,,,,,,,,,,,,,,,,,,,,,,,,,,,,,,,,,,,,,,,,,,,,,,,,,,,,,,,,,,,,,,,,,,,,,,,,,,,,,,,,,,,,,,,,,,,,,,,,,,,,,,,,,,,,,,,,,,,,,,,,,,,,,,,,,,,,,,,,,,,,,,,,,,,,,,,,,,,,,,,,,,,,,,,,,,,,,,,,,,,,,-1.14%,-1.04%,-0.84%,-0.68%,-0.66%,-25.62%,-28.95%,-56.52%,-0.33%,15.68%,7.17%,12.69%,-6.82%,9.97%,-9.17%,2.08%,-2.50%,11.93%,-1.57%,,-4.15%
Neth. Antilles,,,,,,,,,,,,,,,,,,,,,,,,,,,,,,,,,,,,,,,,,,,,,,,,,,,,,,,,,,,,,,,,,,,,,,,,,,,,,,,,,,,,,,,,,,,,,,,,,,,,,,,,,,,,,,,,,,,,,,,,,,,,,,,,,,,,,,,,,,,,,,,,,,,,,,,,,,,,,,,,,,,,,,,,,,,,,,,,,,,,,,0.71%,0.97%,1.29%,1.17%,1.07%,1.16%,1.14%,1.11%,1.07%,1.03%,1.00%,0.96%,0.92%,0.88%,0.84%,0.81%,0.79%,0.76%,0.72%,,0.98%
St. Kitts Nevis,,,,,,,,,,,,,,,,,,,,,,,,,,,,,,,,,,,,,,,,,,,,,,,,,,,,,,,,,,,,,,,,,,,,,,,,,,,,,,,,,,,,,,,,,,,,,,,,,,,,,,,,,,,,,,,,,,,,,,,,,,,,,,,,,,,,,,,,,,,,,,,,,,,,,,,,,,,,,,,,,,,,,,,,,,,,,,,,,,,,,,-0.86%,-0.88%,-0.82%,-0.65%,-0.63%,-0.70%,-0.65%,-0.53%,-0.41%,-0.29%,-0.18%,-0.07%,0.05%,0.16%,0.29%,0.41%,0.53%,0.66%,20.75%,,-0.25%
St. Pierre and Miquelon,,,,,,,,,,,,,,,,,,,,,,,,,,,,,,,,,,,,,,,,,,,,,,,,,,,,,,,,,,,,,,,,,,,,,,,,,,,,,,,,,,,,,,,,,,,,,,,,,,,,,,,,,,,,,,,,,,,,,,,,,,,,,,,,,,,,,,,,,,,,,,,,,,,,,,,,,,,,,,,,,,,,,,,,,,,,,,,,,,,,,,0.84%,0.85%,0.81%,0.79%,0.75%,0.72%,0.65%,0.62%,0.57%,0.51%,0.46%,0.37%,0.32%,0.27%,0.24%,0.20%,0.14%,0.11%,-16.04%,,0.51%
St. Vincent (and the grenadines),,,,,,,,,,,,,,,,,,,,,,,,,,,,,,,,,,,,,,,,,,,,,,,,,,,,,,,,,,,,,,,,,,,,,,,,,,,,,,,,,,,,,,,,,,,,,,,,,,,,,,,,,,,,,,,,,,,,,,,,,,,,,,,,,,,,,,,,,,,,,,,,,,,,,,,,,,,,,,,,,,,,,,,,,,,,,,,,,,,,,,0.54%,0.24%,0.29%,0.14%,0.09%,-0.02%,-0.15%,-0.19%,-0.26%,-0.24%,-0.24%,-0.32%,-0.35%,-0.38%,-0.38%,-0.36%,-0.36%,-0.35%,0.06%,,-0.13%
St.Lucia,,,,,,,,,,,,,,,,,,,,,,,,,,,,,,,,,,,,,,,,,,,,,,,,,,,,,,,,,,,,,,,,,,,,,,,,,,,,,,,,,,,,,,,,,,,,,,,,,,,,,,,,,,,,,,,,,,,,,,,,,,,,,,,,,,,,,,,,,,,,,,,,,,,,,,,,,,,,,,,,,,,,,,,,,,,,,,,,,,,,,,1.16%,1.30%,1.27%,1.28%,1.28%,1.14%,1.04%,0.87%,0.72%,0.78%,0.71%,0.58%,0.46%,0.42%,0.45%,0.48%,0.47%,0.45%,0.26%,,0.83%
Suriname,,,,,,,,,,,,,,,,,,,,,,,,,,,,,,,,,,,,,,,,,,,,,,,,,,,,,,,,,,,,,,,,,,,,,,,,,,,,,,,,,,,,,,,,,,,,,,,,,,,,,,,,,,,,,,,,,,,,,,,,,,,,,,,,,,,,,,,,,,,,,,,,,,,,,,,,,,,,,,,,,,,,,,,,,,,,,,,,,,,,,,0.14%,0.29%,0.19%,0.38%,1.01%,1.18%,1.41%,1.57%,1.49%,1.45%,1.38%,1.32%,1.25%,1.19%,1.13%,1.10%,1.11%,1.10%,1.05%,,1.04%
Turks and Caicos Islands,,,,,,,,,,,,,,,,,,,,,,,,,,,,,,,,,,,,,,,,,,,,,,,,,,,,,,,,,,,,,,,,,,,,,,,,,,,,,,,,,,,,,,,,,,,,,,,,,,,,,,,,,,,,,,,,,,,,,,,,,,,,,,,,,,,,,,,,,,,,,,,,,,,,,,,,,,,,,,,,,,,,,,,,,,,,,,,,,,,,,,4.82%,4.67%,4.53%,4.37%,4.24%,4.11%,3.98%,3.86%,3.73%,3.62%,3.48%,3.34%,3.21%,3.09%,2.97%,2.86%,2.77%,2.68%,2.86%,,3.69%
Virgin Islands,,,,,,,,,,,,,,,,,,,,,,,,,,,,,,,,,,,,,,,,,,,,,,,,,,,,,,,,,,,,,,,,,,,,,,,,,,,,,,,,,,,,,,,,,,,,,,,,,,,,,,,,,,,,,,,,,,,,,,,,,,,,,,,,,,,,,,,,,,,,,,,,,,,,,,,,,,,,,,,,,,,,,,,,,,,,,,,,,,,,,,0.81%,0.86%,0.82%,0.69%,0.46%,0.26%,0.24%,0.17%,0.06%,0.04%,0.10%,0.16%,0.21%,0.19%,0.22%,0.15%,0.05%,0.02%,0.15%,,0.31%
Total 21 small Caribbean countries ,,,,,,,,,,,,,,,,,,,,,,,,,,,,,,,,,,,,,,,,,,,,,,,,,,,,,,,,,,,,,,,,,,,,,,,,,,,,,,,,,,,,,,,,,,,,,,,,,,,,,,,,,,,,,,,,,,,,,,,,,,,,,,,,,,,,,,,,,,,,,,,,,,,,,,,,,,,,,,,,,,,,,,,,,,,,,,,,,,,,,,0.60%,0.75%,0.85%,0.85%,0.87%,0.77%,0.78%,0.84%,0.95%,0.93%,0.88%,0.87%,0.83%,0.84%,0.79%,0.78%,0.76%,0.77%,0.86%,,0.82%
,,,,,,,,,,,,,,,,,,,,,,,,,,,,,,,,,,,,,,,,,,,,,,,,,,,,,,,,,,,,,,,,,,,,,,,,,,,,,,,,,,,,,,,,,,,,,,,,,,,,,,,,,,,,,,,,,,,,,,,,,,,,,,,,,,,,,,,,,,,,,,,,,,,,,,,,,,,,,,,,,,,,,,,,,,,,,,,,,,,,,,,,,,,,,,,,,,,,,,,,,,
Bhutan,,,,,,,,,,,,,,,,,,,,,,,,,,,,,,,,,,,,,,,,,,,,,,,,,,,,,,,,,,,,,,,,,,,,,,,,,,,,,,,,,,,,,,,,,,,,,,,,,,,,,,,,,,,,,,,,,,,,,,,,,,,,,,,,,,,,,,,,,,,,,,,,,,,,,,,,,,,,,,,,,,,,,,,,,,,,,,,,,,,,,,1.66%,-3.81%,-4.24%,-0.34%,-1.47%,-0.17%,1.67%,1.80%,1.75%,1.71%,1.65%,1.60%,1.56%,1.51%,1.46%,1.41%,1.37%,1.32%,1.26%,,0.58%
Brunei,,,,,,,,,,,,,,,,,,,,,,,,,,,,,,,,,,,,,,,,,,,,,,,,,,,,,,,,,,,,,,,,,,,,,,,,,,,,,,,,,,,,,,,,,,,,,,,,,,,,,,,,,,,,,,,,,,,,,,,,,,,,,,,,,,,,,,,,,,,,,,,,,,,,,,,,,,,,,,,,,,,,,,,,,,,,,,,,,,,,,,2.49%,2.48%,2.73%,2.67%,2.63%,2.60%,2.52%,2.42%,2.35%,2.30%,2.24%,2.18%,2.12%,2.01%,1.90%,1.84%,1.82%,1.80%,1.72%,,2.28%
Cook Islands,,,,,,,,,,,,,,,,,,,,,,,,,,,,,,,,,,,,,,,,,,,,,,,,,,,,,,,,,,,,,,,,,,,,,,,,,,,,,,,,,,,,,,,,,,,,,,,,,,,,,,,,,,,,,,,,,,,,,,,,,,,,,,,,,,,,,,,,,,,,,,,,,,,,,,,,,,,,,,,,,,,,,,,,,,,,,,,,,,,,,,1.33%,-0.32%,-0.40%,-0.49%,-0.59%,-0.71%,-1.71%,-2.79%,-3.05%,-3.33%,-3.63%,-3.74%,-3.66%,-3.60%,-3.53%,-3.48%,-3.42%,-3.37%,-2.23%,,-2.25%
East Timor (included in Indonesia until 1999),,,,,,,,,,,,,,,,,,,,,,,,,,,,,,,,,,,,,,,,,,,,,,,,,,,,,,,,,,,,,,,,,,,,,,,,,,,,,,,,,,,,,,,,,,,,,,,,,,,,,,,,,,,,,,,,,,,,,,,,,,,,,,,,,,,,,,,,,,,,,,,,,,,,,,,,,,,,,,,,,,,,,,,,,,,,,,,,,,,,,,2.25%,2.33%,2.40%,2.22%,2.41%,2.24%,2.42%,2.25%,2.42%,,,,,,,,,,,,
Macao,,,,,,,,,,,,,,,,,,,,,,,,,,,,,,,,,,,,,,,,,,,,,,,,,,,,,,,,,,,,,,,,,,,,,,,,,,,,,,,,,,,,,,,,,,,,,,,,,,,,,,,,,,,,,,,,,,,,,,,,,,,,,,,,,,,,,,,,,,,,,,,,,,,,,,,,,,,,,,,,,,,,,,,,,,,,,,,,,,,,,,3.38%,3.10%,2.39%,2.20%,2.10%,2.24%,1.59%,1.10%,1.45%,0.92%,0.70%,0.96%,1.18%,2.46%,4.05%,5.22%,5.09%,3.76%,2.59%,,2.44%
Maldives,,,,,,,,,,,,,,,,,,,,,,,,,,,,,,,,,,,,,,,,,,,,,,,,,,,,,,,,,,,,,,,,,,,,,,,,,,,,,,,,,,,,,,,,,,,,,,,,,,,,,,,,,,,,,,,,,,,,,,,,,,,,,,,,,,,,,,,,,,,,,,,,,,,,,,,,,,,,,,,,,,,,,,,,,,,,,,,,,,,,,,4.78%,4.57%,3.74%,2.59%,2.81%,3.75%,1.90%,1.96%,3.60%,2.87%,1.96%,1.92%,2.11%,2.51%,2.91%,3.47%,4.73%,5.58%,2.58%,,3.21%
Fiji,,,,,,,,,,,,,,,,,,,,,,,,,,,,,,,,,,,,,,,,,,,,,,,,,,,,,,,,,,,,,,,,,,,,,,,,,,,,,,,,,,,,,,,,,,,,,,,,,,,,,,,,,,,,,,,,,,,,,,,,,,,,,,,,,,,,,,,,,,,,,,,,,,,,,,,,,,,,,,,,,,,,,,,,,,,,,,,,,,,,,,0.78%,0.85%,0.99%,1.12%,1.25%,1.37%,1.42%,1.42%,1.41%,1.41%,1.41%,1.41%,1.41%,1.41%,1.40%,1.40%,1.39%,1.39%,1.41%,,1.29%
Papua New Guinea,,,,,,,,,,,,,,,,,,,,,,,,,,,,,,,,,,,,,,,,,,,,,,,,,,,,,,,,,,,,,,,,,,,,,,,,,,,,,,,,,,,,,,,,,,,,,,,,,,,,,,,,,,,,,,,,,,,,,,,,,,,,,,,,,,,,,,,,,,,,,,,,,,,,,,,,,,,,,,,,,,,,,,,,,,,,,,,,,,,,,,2.54%,2.55%,2.56%,2.56%,2.56%,2.55%,2.54%,2.52%,2.51%,2.48%,2.45%,2.41%,2.37%,2.33%,2.28%,2.24%,2.19%,2.14%,0.16%,,2.43%
American Samoa,,,,,,,,,,,,,,,,,,,,,,,,,,,,,,,,,,,,,,,,,,,,,,,,,,,,,,,,,,,,,,,,,,,,,,,,,,,,,,,,,,,,,,,,,,,,,,,,,,,,,,,,,,,,,,,,,,,,,,,,,,,,,,,,,,,,,,,,,,,,,,,,,,,,,,,,,,,,,,,,,,,,,,,,,,,,,,,,,,,,,,2.86%,2.81%,2.82%,2.60%,2.20%,1.93%,1.82%,1.71%,1.60%,-0.13%,1.67%,1.51%,1.44%,1.58%,1.51%,1.30%,1.27%,1.24%,1.79%,,1.76%
French Polynesia,,,,,,,,,,,,,,,,,,,,,,,,,,,,,,,,,,,,,,,,,,,,,,,,,,,,,,,,,,,,,,,,,,,,,,,,,,,,,,,,,,,,,,,,,,,,,,,,,,,,,,,,,,,,,,,,,,,,,,,,,,,,,,,,,,,,,,,,,,,,,,,,,,,,,,,,,,,,,,,,,,,,,,,,,,,,,,,,,,,,,,2.57%,2.43%,2.34%,2.22%,2.09%,1.98%,1.91%,1.88%,1.84%,1.81%,1.76%,1.71%,1.66%,1.61%,1.56%,1.51%,1.48%,1.44%,1.40%,,1.88%
Guam,,,,,,,,,,,,,,,,,,,,,,,,,,,,,,,,,,,,,,,,,,,,,,,,,,,,,,,,,,,,,,,,,,,,,,,,,,,,,,,,,,,,,,,,,,,,,,,,,,,,,,,,,,,,,,,,,,,,,,,,,,,,,,,,,,,,,,,,,,,,,,,,,,,,,,,,,,,,,,,,,,,,,,,,,,,,,,,,,,,,,,2.96%,2.97%,1.05%,-0.47%,0.72%,0.78%,1.01%,1.97%,1.90%,1.78%,1.92%,1.71%,1.57%,1.53%,1.49%,1.46%,1.43%,1.40%,1.14%,,1.51%
Kiribati,,,,,,,,,,,,,,,,,,,,,,,,,,,,,,,,,,,,,,,,,,,,,,,,,,,,,,,,,,,,,,,,,,,,,,,,,,,,,,,,,,,,,,,,,,,,,,,,,,,,,,,,,,,,,,,,,,,,,,,,,,,,,,,,,,,,,,,,,,,,,,,,,,,,,,,,,,,,,,,,,,,,,,,,,,,,,,,,,,,,,,2.74%,2.70%,2.66%,2.61%,2.56%,2.52%,2.47%,2.43%,2.39%,2.36%,2.33%,2.30%,2.28%,2.26%,2.26%,2.25%,2.24%,2.24%,-11.87%,,2.42%
Marshall Islands,,,,,,,,,,,,,,,,,,,,,,,,,,,,,,,,,,,,,,,,,,,,,,,,,,,,,,,,,,,,,,,,,,,,,,,,,,,,,,,,,,,,,,,,,,,,,,,,,,,,,,,,,,,,,,,,,,,,,,,,,,,,,,,,,,,,,,,,,,,,,,,,,,,,,,,,,,,,,,,,,,,,,,,,,,,,,,,,,,,,,,2.21%,1.75%,1.52%,1.33%,1.19%,1.11%,1.26%,1.42%,1.43%,1.47%,1.75%,2.12%,2.30%,2.30%,2.29%,2.27%,2.23%,2.17%,1.30%,,1.78%
Micronesia,,,,,,,,,,,,,,,,,,,,,,,,,,,,,,,,,,,,,,,,,,,,,,,,,,,,,,,,,,,,,,,,,,,,,,,,,,,,,,,,,,,,,,,,,,,,,,,,,,,,,,,,,,,,,,,,,,,,,,,,,,,,,,,,,,,,,,,,,,,,,,,,,,,,,,,,,,,,,,,,,,,,,,,,,,,,,,,,,,,,,,2.80%,2.65%,2.49%,-10.90%,0.51%,0.45%,0.39%,0.32%,0.26%,0.21%,0.17%,0.12%,0.07%,0.02%,-0.04%,-0.09%,-0.13%,-0.17%,-0.62%,,-0.05%
Nauru,,,,,,,,,,,,,,,,,,,,,,,,,,,,,,,,,,,,,,,,,,,,,,,,,,,,,,,,,,,,,,,,,,,,,,,,,,,,,,,,,,,,,,,,,,,,,,,,,,,,,,,,,,,,,,,,,,,,,,,,,,,,,,,,,,,,,,,,,,,,,,,,,,,,,,,,,,,,,,,,,,,,,,,,,,,,,,,,,,,,,,1.85%,1.65%,2.85%,2.64%,2.46%,2.24%,2.19%,2.14%,2.10%,2.07%,2.03%,1.97%,1.94%,1.90%,1.86%,1.82%,1.80%,1.77%,1.62%,,2.07%
New Caledonia,,,,,,,,,,,,,,,,,,,,,,,,,,,,,,,,,,,,,,,,,,,,,,,,,,,,,,,,,,,,,,,,,,,,,,,,,,,,,,,,,,,,,,,,,,,,,,,,,,,,,,,,,,,,,,,,,,,,,,,,,,,,,,,,,,,,,,,,,,,,,,,,,,,,,,,,,,,,,,,,,,,,,,,,,,,,,,,,,,,,,,2.13%,2.09%,2.00%,1.88%,1.79%,1.75%,1.71%,1.66%,1.61%,1.56%,1.51%,1.46%,1.41%,1.37%,1.32%,1.27%,1.23%,1.19%,0.96%,,1.61%
Northern Mariana Islands,,,,,,,,,,,,,,,,,,,,,,,,,,,,,,,,,,,,,,,,,,,,,,,,,,,,,,,,,,,,,,,,,,,,,,,,,,,,,,,,,,,,,,,,,,,,,,,,,,,,,,,,,,,,,,,,,,,,,,,,,,,,,,,,,,,,,,,,,,,,,,,,,,,,,,,,,,,,,,,,,,,,,,,,,,,,,,,,,,,,,,5.56%,5.55%,5.39%,5.02%,4.68%,4.43%,4.20%,3.93%,3.65%,3.51%,3.05%,2.93%,2.83%,2.75%,2.66%,2.58%,2.50%,2.42%,-52.97%,,3.76%
Palau,,,,,,,,,,,,,,,,,,,,,,,,,,,,,,,,,,,,,,,,,,,,,,,,,,,,,,,,,,,,,,,,,,,,,,,,,,,,,,,,,,,,,,,,,,,,,,,,,,,,,,,,,,,,,,,,,,,,,,,,,,,,,,,,,,,,,,,,,,,,,,,,,,,,,,,,,,,,,,,,,,,,,,,,,,,,,,,,,,,,,,2.58%,2.66%,2.61%,2.51%,2.55%,2.77%,2.83%,2.55%,2.28%,1.49%,0.87%,0.81%,0.82%,0.89%,0.80%,0.70%,0.61%,0.53%,1.43%,,1.71%
Samoa,,,,,,,,,,,,,,,,,,,,,,,,,,,,,,,,,,,,,,,,,,,,,,,,,,,,,,,,,,,,,,,,,,,,,,,,,,,,,,,,,,,,,,,,,,,,,,,,,,,,,,,,,,,,,,,,,,,,,,,,,,,,,,,,,,,,,,,,,,,,,,,,,,,,,,,,,,,,,,,,,,,,,,,,,,,,,,,,,,,,,,1.47%,1.14%,1.69%,2.29%,1.31%,0.66%,1.25%,1.22%,1.16%,1.13%,1.16%,1.19%,1.20%,1.22%,1.23%,1.24%,1.27%,1.31%,-12.80%,,1.28%
Solomon Islands,,,,,,,,,,,,,,,,,,,,,,,,,,,,,,,,,,,,,,,,,,,,,,,,,,,,,,,,,,,,,,,,,,,,,,,,,,,,,,,,,,,,,,,,,,,,,,,,,,,,,,,,,,,,,,,,,,,,,,,,,,,,,,,,,,,,,,,,,,,,,,,,,,,,,,,,,,,,,,,,,,,,,,,,,,,,,,,,,,,,,,3.51%,3.47%,3.44%,3.40%,3.36%,3.32%,3.26%,3.20%,3.14%,3.08%,3.01%,2.94%,2.87%,2.79%,2.72%,2.64%,2.57%,2.50%,2.49%,,3.07%
Tonga,,,,,,,,,,,,,,,,,,,,,,,,,,,,,,,,,,,,,,,,,,,,,,,,,,,,,,,,,,,,,,,,,,,,,,,,,,,,,,,,,,,,,,,,,,,,,,,,,,,,,,,,,,,,,,,,,,,,,,,,,,,,,,,,,,,,,,,,,,,,,,,,,,,,,,,,,,,,,,,,,,,,,,,,,,,,,,,,,,,,,,-0.93%,0.96%,1.76%,0.70%,0.80%,1.05%,1.27%,1.46%,1.64%,1.82%,1.84%,1.81%,1.87%,1.92%,1.96%,1.99%,1.92%,1.76%,1.66%,,1.42%
Tuvalu,,,,,,,,,,,,,,,,,,,,,,,,,,,,,,,,,,,,,,,,,,,,,,,,,,,,,,,,,,,,,,,,,,,,,,,,,,,,,,,,,,,,,,,,,,,,,,,,,,,,,,,,,,,,,,,,,,,,,,,,,,,,,,,,,,,,,,,,,,,,,,,,,,,,,,,,,,,,,,,,,,,,,,,,,,,,,,,,,,,,,,2.00%,1.91%,1.83%,1.75%,1.67%,1.61%,1.52%,1.48%,1.42%,1.40%,1.40%,1.40%,1.41%,1.42%,1.45%,1.48%,1.52%,1.56%,-19.70%,,1.57%
Vanuatu,,,,,,,,,,,,,,,,,,,,,,,,,,,,,,,,,,,,,,,,,,,,,,,,,,,,,,,,,,,,,,,,,,,,,,,,,,,,,,,,,,,,,,,,,,,,,,,,,,,,,,,,,,,,,,,,,,,,,,,,,,,,,,,,,,,,,,,,,,,,,,,,,,,,,,,,,,,,,,,,,,,,,,,,,,,,,,,,,,,,,,2.47%,2.38%,2.29%,2.20%,2.11%,2.04%,1.98%,1.91%,1.85%,1.78%,1.73%,1.69%,1.64%,1.60%,1.55%,1.51%,1.48%,1.45%,1.64%,,1.87%
Wallis and Fortuna,,,,,,,,,,,,,,,,,,,,,,,,,,,,,,,,,,,,,,,,,,,,,,,,,,,,,,,,,,,,,,,,,,,,,,,,,,,,,,,,,,,,,,,,,,,,,,,,,,,,,,,,,,,,,,,,,,,,,,,,,,,,,,,,,,,,,,,,,,,,,,,,,,,,,,,,,,,,,,,,,,,,,,,,,,,,,,,,,,,,,,0.83%,0.81%,0.79%,0.76%,0.74%,0.72%,0.93%,0.80%,1.06%,1.01%,0.67%,0.62%,0.64%,0.55%,0.40%,0.33%,0.30%,0.32%,-1.57%,,0.68%
Total 24 Small East Asian countries ,,,,,,,,,,,,,,,,,,,,,,,,,,,,,,,,,,,,,,,,,,,,,,,,,,,,,,,,,,,,,,,,,,,,,,,,,,,,,,,,,,,,,,,,,,,,,,,,,,,,,,,,,,,,,,,,,,,,,,,,,,,,,,,,,,,,,,,,,,,,,,,,,,,,,,,,,,,,,,,,,,,,,,,,,,,,,,,,,,,,,,2.39%,1.97%,1.91%,1.96%,2.04%,2.15%,2.20%,2.18%,2.23%,2.15%,2.09%,2.07%,2.05%,2.09%,2.13%,2.17%,2.18%,2.11%,9.77%,,2.11%
,,,,,,,,,,,,,,,,,,,,,,,,,,,,,,,,,,,,,,,,,,,,,,,,,,,,,,,,,,,,,,,,,,,,,,,,,,,,,,,,,,,,,,,,,,,,,,,,,,,,,,,,,,,,,,,,,,,,,,,,,,,,,,,,,,,,,,,,,,,,,,,,,,,,,,,,,,,,,,,,,,,,,,,,,,,,,,,,,,,,,,,,,,,,,,,,,,,,,,,,,,
Eritrea,,,,,,,,,,,,,,,,,,,,,,,,,,,,,,,,,,,,,,,,,,,,,,,,,,,,,,,,,,,,,,,,,,,,,,,,,,,,,,,,,,,,,,,,,,,,,,,,,,,,,,,,,,,,,,,,,,,,,,,,,,,,,,,,,,,,,,,,,,,,,,,,,,,,,,,,,,,,,,,,,,,,,,,,,,,,,,,,,,,,,,-0.74%,-0.88%,4.47%,4.58%,5.34%,4.61%,2.87%,3.11%,2.90%,2.85%,3.30%,3.79%,4.23%,4.32%,3.25%,2.82%,2.71%,2.66%,2.60%,,3.12%
Ethiopia,,,,,,,,,,,,,,,,,,,,,,,,,,,,,,,,,,,,,,,,,,,,,,,,,,,,,,,,,,,,,,,,,,,,,,,,,,,,,,,,,,,,,,,,,,,,,,,,,,,,,,,,,,,,,,,,,,,,,,,,,,,,,,,,,,,,,,,,,,,,,,,,,,,,,,,,,,,,,,,,,,,,,,,,,,,,,,,,,,,,,,3.44%,3.11%,2.16%,2.30%,2.77%,2.91%,2.78%,2.81%,2.93%,2.98%,3.01%,3.07%,3.15%,3.18%,3.17%,3.19%,3.21%,3.21%,3.21%,,2.97%
Total Eritrea and Ethiopia,,,,,,,,,,,,,,,,,,,,,,,,,,,,,,,,,,,,,,,,,,,,,,,,,,,,,,,,,,,,,,,,,,,,,,,,,,,,,,,,,,,,,,,,,,,,,,,,,,,,,,,,,,,,,,,,,,,,,,,,,,,,,,,,,,,,,,,,,,,,,,,,,,,,,,,,,,,,,,,,,,,,,,,,,,,,,,,,,,,,,,3.19%,2.88%,2.29%,2.44%,2.92%,3.02%,2.79%,2.83%,2.92%,2.97%,3.02%,3.12%,3.21%,3.25%,3.18%,3.17%,3.18%,3.18%,3.17%,,2.98%
,,,,,,,,,,,,,,,,,,,,,,,,,,,,,,,,,,,,,,,,,,,,,,,,,,,,,,,,,,,,,,,,,,,,,,,,,,,,,,,,,,,,,,,,,,,,,,,,,,,,,,,,,,,,,,,,,,,,,,,,,,,,,,,,,,,,,,,,,,,,,,,,,,,,,,,,,,,,,,,,,,,,,,,,,,,,,,,,,,,,,,,,,,,,,,,,,,,,,,,,,,
Mayotte,,,,,,,,,,,,,,,,,,,,,,,,,,,,,,,,,,,,,,,,,,,,,,,,,,,,,,,,,,,,,,,,,,,,,,,,,,,,,,,,,,,,,,,,,,,,,,,,,,,,,,,,,,,,,,,,,,,,,,,,,,,,,,,,,,,,,,,,,,,,,,,,,,,,,,,,,,,,,,,,,,,,,,,,,,,,,,,,,,,,,,6.10%,6.01%,5.90%,5.78%,5.65%,5.51%,5.35%,5.18%,5.01%,4.84%,4.67%,4.50%,4.33%,4.16%,4.01%,3.85%,3.69%,3.54%,3.50%,,4.89%
Saint Helena,,,,,,,,,,,,,,,,,,,,,,,,,,,,,,,,,,,,,,,,,,,,,,,,,,,,,,,,,,,,,,,,,,,,,,,,,,,,,,,,,,,,,,,,,,,,,,,,,,,,,,,,,,,,,,,,,,,,,,,,,,,,,,,,,,,,,,,,,,,,,,,,,,,,,,,,,,,,,,,,,,,,,,,,,,,,,,,,,,,,,,0.73%,0.77%,0.79%,0.79%,0.81%,0.82%,0.82%,0.80%,0.80%,0.76%,0.73%,0.71%,0.69%,0.65%,0.60%,0.57%,0.54%,0.50%,5.12%,,0.72%
Western Sahara,,,,,,,,,,,,,,,,,,,,,,,,,,,,,,,,,,,,,,,,,,,,,,,,,,,,,,,,,,,,,,,,,,,,,,,,,,,,,,,,,,,,,,,,,,,,,,,,,,,,,,,,,,,,,,,,,,,,,,,,,,,,,,,,,,,,,,,,,,,,,,,,,,,,,,,,,,,,,,,,,,,,,,,,,,,,,,,,,,,,,,3.37%,3.37%,3.37%,3.36%,3.36%,3.34%,3.31%,3.29%,3.26%,3.24%,3.20%,3.15%,3.10%,3.06%,3.02%,2.97%,2.93%,2.89%,18.95%,,3.20%
Total 3 Small African countries,,,,,,,,,,,,,,,,,,,,,,,,,,,,,,,,,,,,,,,,,,,,,,,,,,,,,,,,,,,,,,,,,,,,,,,,,,,,,,,,,,,,,,,,,,,,,,,,,,,,,,,,,,,,,,,,,,,,,,,,,,,,,,,,,,,,,,,,,,,,,,,,,,,,,,,,,,,,,,,,,,,,,,,,,,,,,,,,,,,,,,4.09%,4.09%,4.07%,4.04%,4.02%,3.97%,3.91%,3.85%,3.79%,3.73%,3.65%,3.57%,3.48%,3.40%,3.32%,3.24%,3.17%,3.09%,13.64%,,3.69%
,,,,,,,,,,,,,,,,,,,,,,,,,,,,,,,,,,,,,,,,,,,,,,,,,,,,,,,,,,,,,,,,,,,,,,,,,,,,,,,,,,,,,,,,,,,,,,,,,,,,,,,,,,,,,,,,,,,,,,,,,,,,,,,,,,,,,,,,,,,,,,,,,,,,,,,,,,,,,,,,,,,,,,,,,,,,,,,,,,,,,,,,,,,,,,,,,,,,,,,,,,
Guadeloupe,,,,,,,,,,,,,,,,,,,,,,,,,,,,,,,,,,,,,,,,,,,,,,,,,,,,,,,,,,,,,,,,,,,,,,,,,,,,,,,,,,,,,,,,,,,,,,,,,,,,,,,,,,,,,,,,,,,,,,,,,,,,,,,,,,,,,,,,,,,,,,,,,,,,,,,,,,,,,,,,,,,,,,,,,,,,,,,,,,,,,,1.39%,1.34%,1.23%,1.19%,1.19%,1.19%,1.19%,1.17%,1.15%,1.12%,1.09%,1.05%,1.02%,0.98%,0.94%,0.90%,0.86%,0.83%,n.a.,,1.10%
Guyana (Fr.),,,,,,,,,,,,,,,,,,,,,,,,,,,,,,,,,,,,,,,,,,,,,,,,,,,,,,,,,,,,,,,,,,,,,,,,,,,,,,,,,,,,,,,,,,,,,,,,,,,,,,,,,,,,,,,,,,,,,,,,,,,,,,,,,,,,,,,,,,,,,,,,,,,,,,,,,,,,,,,,,,,,,,,,,,,,,,,,,,,,,,4.83%,4.65%,4.48%,4.32%,4.16%,3.95%,3.70%,3.46%,3.24%,3.03%,2.83%,2.65%,2.48%,2.32%,2.17%,2.03%,1.89%,1.76%,n.a.,,3.22%
Martinique,,,,,,,,,,,,,,,,,,,,,,,,,,,,,,,,,,,,,,,,,,,,,,,,,,,,,,,,,,,,,,,,,,,,,,,,,,,,,,,,,,,,,,,,,,,,,,,,,,,,,,,,,,,,,,,,,,,,,,,,,,,,,,,,,,,,,,,,,,,,,,,,,,,,,,,,,,,,,,,,,,,,,,,,,,,,,,,,,,,,,,1.09%,1.07%,1.06%,1.06%,1.04%,1.04%,1.03%,1.02%,1.00%,0.98%,0.95%,0.91%,0.87%,0.83%,0.79%,0.74%,0.70%,0.66%,n.a.,,0.94%
Reunion ,,,,,,,,,,,,,,,,,,,,,,,,,,,,,,,,,,,,,,,,,,,,,,,,,,,,,,,,,,,,,,,,,,,,,,,,,,,,,,,,,,,,,,,,,,,,,,,,,,,,,,,,,,,,,,,,,,,,,,,,,,,,,,,,,,,,,,,,,,,,,,,,,,,,,,,,,,,,,,,,,,,,,,,,,,,,,,,,,,,,,,2.05%,2.03%,2.00%,1.97%,1.92%,1.88%,1.82%,1.77%,1.71%,1.66%,1.60%,1.55%,1.49%,1.44%,1.40%,1.36%,1.33%,1.30%,n.a.,,1.68%
Total,,,,,,,,,,,,,,,,,,,,,,,,,,,,,,,,,,,,,,,,,,,,,,,,,,,,,,,,,,,,,,,,,,,,,,,,,,,,,,,,,,,,,,,,,,,,,,,,,,,,,,,,,,,,,,,,,,,,,,,,,,,,,,,,,,,,,,,,,,,,,,,,,,,,,,,,,,,,,,,,,,,,,,,,,,,,,,,,,,,,,,1.86%,1.83%,1.78%,1.75%,1.72%,1.69%,1.65%,1.60%,1.55%,1.50%,1.44%,1.39%,1.33%,1.28%,1.23%,1.18%,1.13%,1.09%,n.a.,,1.50%
